league_key,season,rank,club_key,played,win,draw,loss,gf,ga,gd,points,status_code,status_note,updated_at
premier-league,2024-25,1,liverpool,38,25,9,4,86,41,45,84,UCL,CL出場,2025-05-28
premier-league,2024-25,2,arsenal,38,20,14,4,69,34,35,74,UCL,CL出場,2025-05-28
premier-league,2024-25,3,manchester-city,38,21,8,9,72,44,28,71,UCL,CL出場,2025-05-28
premier-league,2024-25,4,chelsea,38,20,9,9,64,43,21,69,UCL,CL出場,2025-05-28
premier-league,2024-25,5,newcastle-united,38,20,6,12,68,47,21,66,UCL,CL出場,2025-05-28
premier-league,2024-25,6,aston-villa,38,19,9,10,58,51,7,66,UEL,EL出場,2025-05-28
premier-league,2024-25,7,nottingham-forest,38,19,8,11,58,46,12,65,UEL,EL出場,2025-05-28
premier-league,2024-25,8,brighton,38,16,13,9,66,59,7,61,NONE,,2025-05-28
premier-league,2024-25,9,bournemouth,38,15,11,12,58,46,12,56,NONE,,2025-05-28
premier-league,2024-25,10,brentford,38,16,8,14,66,57,9,56,NONE,,2025-05-28
premier-league,2024-25,11,fulham,38,15,9,14,54,54,0,54,NONE,,2025-05-28
premier-league,2024-25,12,crystal-palace,38,13,14,11,51,51,0,53,UECL,ECL予選PO,2025-05-28
premier-league,2024-25,13,everton,38,11,15,12,42,44,-2,48,NONE,,2025-05-28
premier-league,2024-25,14,west-ham-united,38,11,10,17,46,62,-16,43,NONE,,2025-05-28
premier-league,2024-25,15,manchester-united,38,11,9,18,44,54,-10,42,NONE,,2025-05-28
premier-league,2024-25,16,wolves,38,12,6,20,54,69,-15,42,NONE,,2025-05-28
premier-league,2024-25,17,tottenham-hotspur,38,11,5,22,64,65,-1,38,UCL,CL出場（特例）,2025-05-28
premier-league,2024-25,18,leicester-city,38,6,7,25,33,80,-47,25,RELEGATION,降格,2025-05-28
premier-league,2024-25,19,ipswich,38,4,10,24,36,82,-46,22,RELEGATION,降格,2025-05-28
premier-league,2024-25,20,southampton,38,2,6,30,26,86,-60,12,RELEGATION,降格,2025-05-28
premier-league,2023-24,1,manchester-city,38,28,7,3,96,34,62,91,UCL,CL出場,2024-05-21
premier-league,2023-24,2,arsenal,38,28,5,5,91,29,62,89,UCL,CL出場,2024-05-21
premier-league,2023-24,3,liverpool,38,24,10,4,86,41,45,82,UCL,CL出場,2024-05-21
premier-league,2023-24,4,aston-villa,38,20,8,10,76,61,15,68,UCL,CL出場,2024-05-21
premier-league,2023-24,5,tottenham-hotspur,38,20,6,12,74,61,13,66,UEL,EL出場,2024-05-21
premier-league,2023-24,6,chelsea,38,18,9,11,77,63,14,63,UECL,ECL予選PO,2024-05-21
premier-league,2023-24,7,newcastle-united,38,18,6,14,85,62,23,60,NONE,,2024-05-21
premier-league,2023-24,8,manchester-united,38,18,6,14,57,58,-1,60,UEL,EL出場（FAカップ優勝）,2024-05-21
premier-league,2023-24,9,west-ham-united,38,14,10,14,60,74,-14,52,NONE,,2024-05-21
premier-league,2023-24,10,crystal-palace,38,13,10,15,57,58,-1,49,NONE,,2024-05-21
premier-league,2023-24,11,brighton,38,12,12,14,55,62,-7,48,NONE,,2024-05-21
premier-league,2023-24,12,bournemouth,38,13,9,16,54,67,-13,48,NONE,,2024-05-21
premier-league,2023-24,13,fulham,38,13,8,17,55,61,-6,47,NONE,,2024-05-21
premier-league,2023-24,14,wolves,38,13,7,18,50,65,-15,46,NONE,,2024-05-21
premier-league,2023-24,15,everton,38,13,9,16,40,51,-11,40,NONE,,2024-05-21
premier-league,2023-24,16,brentford,38,10,9,19,56,65,-9,39,NONE,,2024-05-21
premier-league,2023-24,17,nottingham-forest,38,9,9,20,49,67,-18,32,NONE,,2024-05-21
premier-league,2023-24,18,luton-town,38,6,8,24,52,85,-33,26,RELEGATION,降格,2024-05-21
premier-league,2023-24,19,burnley,38,5,9,24,41,78,-37,24,RELEGATION,降格,2024-05-21
premier-league,2023-24,20,sheffield-united,38,3,7,28,35,104,-69,16,RELEGATION,降格,2024-05-21
premier-league,2022-23,1,manchester-city,38,28,5,5,94,33,61,89,UCL,CL出場,2023-05-30
premier-league,2022-23,2,arsenal,38,26,6,6,88,43,45,84,UCL,CL出場,2023-05-30
premier-league,2022-23,3,manchester-united,38,23,6,9,58,43,15,75,UCL,CL出場,2023-05-30
premier-league,2022-23,4,newcastle-united,38,19,14,5,68,33,35,71,UCL,CL出場,2023-05-30
premier-league,2022-23,5,liverpool,38,19,10,9,75,47,28,67,UEL,EL出場,2023-05-30
premier-league,2022-23,6,brighton,38,18,8,12,72,53,19,62,UEL,EL出場,2023-05-30
premier-league,2022-23,7,aston-villa,38,18,7,13,51,46,5,61,UECL,ECL予選PO,2023-05-30
premier-league,2022-23,8,tottenham-hotspur,38,18,6,14,70,63,7,60,NONE,,2023-05-30
premier-league,2022-23,9,brentford,38,15,14,9,58,46,12,59,NONE,,2023-05-30
premier-league,2022-23,10,fulham,38,15,7,16,55,53,2,52,NONE,,2023-05-30
premier-league,2022-23,11,crystal-palace,38,11,12,15,40,49,-9,45,NONE,,2023-05-30
premier-league,2022-23,12,chelsea,38,11,11,16,38,47,-9,44,NONE,,2023-05-30
premier-league,2022-23,13,wolves,38,11,8,19,31,58,-27,41,NONE,,2023-05-30
premier-league,2022-23,14,west-ham-united,38,11,7,20,42,55,-13,40,UEL,EL出場（EFLカップ優勝）,2023-05-30
premier-league,2022-23,15,bournemouth,38,11,6,21,37,71,-34,39,NONE,,2023-05-30
premier-league,2022-23,16,nottingham-forest,38,9,11,18,38,68,-30,38,NONE,,2023-05-30
premier-league,2022-23,17,everton,38,8,12,18,34,57,-23,36,NONE,,2023-05-30
premier-league,2022-23,18,leicester-city,38,9,7,22,51,68,-17,34,RELEGATION,降格,2023-05-30
premier-league,2022-23,19,leeds-united,38,7,10,21,48,78,-30,31,RELEGATION,降格,2023-05-30
premier-league,2022-23,20,southampton,38,6,7,25,36,73,-37,25,RELEGATION,降格,2023-05-30
premier-league,2021-22,1,manchester-city,38,29,6,3,99,26,73,93,UCL,CL出場,2022-05-24
premier-league,2021-22,2,liverpool,38,28,8,2,94,26,68,92,UCL,CL出場,2022-05-24
premier-league,2021-22,3,chelsea,38,21,11,6,76,33,43,74,UCL,CL出場,2022-05-24
premier-league,2021-22,4,tottenham-hotspur,38,22,5,11,69,40,29,71,UCL,CL出場,2022-05-24
premier-league,2021-22,5,arsenal,38,22,3,13,61,48,13,69,UEL,EL出場,2022-05-24
premier-league,2021-22,6,manchester-united,38,16,10,12,57,57,0,58,UEL,EL出場,2022-05-24
premier-league,2021-22,7,west-ham-united,38,16,8,14,60,51,9,56,UECL,ECL予選PO,2022-05-24
premier-league,2021-22,8,leicester-city,38,14,10,14,62,59,3,52,NONE,,2022-05-24
premier-league,2021-22,9,brighton,38,12,15,11,42,44,-2,51,NONE,,2022-05-24
premier-league,2021-22,10,wolves,38,15,6,17,38,43,-5,51,NONE,,2022-05-24
premier-league,2021-22,11,newcastle-united,38,13,10,15,44,62,-18,49,NONE,,2022-05-24
premier-league,2021-22,12,crystal-palace,38,11,15,12,50,46,4,48,NONE,,2022-05-24
premier-league,2021-22,13,brentford,38,13,7,18,48,56,-8,46,NONE,,2022-05-24
premier-league,2021-22,14,aston-villa,38,13,6,19,52,54,-2,45,NONE,,2022-05-24
premier-league,2021-22,15,southampton,38,9,13,16,43,67,-24,40,NONE,,2022-05-24
premier-league,2021-22,16,everton,38,11,6,21,43,66,-23,39,NONE,,2022-05-24
premier-league,2021-22,17,leeds-united,38,9,11,18,42,79,-37,38,NONE,,2022-05-24
premier-league,2021-22,18,burnley,38,7,14,17,34,53,-19,35,RELEGATION,降格,2022-05-24
premier-league,2021-22,19,watford,38,6,5,27,34,77,-43,23,RELEGATION,降格,2022-05-24
premier-league,2021-22,20,norwich-city,38,5,7,26,23,84,-61,22,RELEGATION,降格,2022-05-24
premier-league,2020-21,1,manchester-city,38,27,5,6,83,32,51,86,UCL,CL出場,2021-05-25
premier-league,2020-21,2,manchester-united,38,21,11,6,73,44,29,74,UCL,CL出場,2021-05-25
premier-league,2020-21,3,liverpool,38,20,9,9,68,42,26,69,UCL,CL出場,2021-05-25
premier-league,2020-21,4,chelsea,38,19,10,9,58,36,22,67,UCL,CL出場,2021-05-25
premier-league,2020-21,5,leicester-city,38,20,6,12,68,50,18,66,UEL,EL出場,2021-05-25
premier-league,2020-21,6,west-ham-united,38,19,8,11,62,47,15,65,UEL,EL出場,2021-05-25
premier-league,2020-21,7,tottenham-hotspur,38,18,8,12,68,45,23,62,UECL,ECL予選PO,2021-05-25
premier-league,2020-21,8,arsenal,38,18,7,13,55,39,16,61,NONE,,2021-05-25
premier-league,2020-21,9,leeds-united,38,18,5,15,62,54,8,59,NONE,,2021-05-25
premier-league,2020-21,10,everton,38,17,8,13,47,48,-1,59,NONE,,2021-05-25
premier-league,2020-21,11,aston-villa,38,16,7,15,55,46,9,55,NONE,,2021-05-25
premier-league,2020-21,12,newcastle-united,38,12,9,17,46,62,-16,45,NONE,,2021-05-25
premier-league,2020-21,13,wolves,38,12,9,17,36,52,-16,45,NONE,,2021-05-25
premier-league,2020-21,14,crystal-palace,38,12,8,18,41,66,-25,44,NONE,,2021-05-25
premier-league,2020-21,15,southampton,38,12,7,19,47,68,-21,43,NONE,,2021-05-25
premier-league,2020-21,16,brighton,38,9,14,15,40,46,-6,41,NONE,,2021-05-25
premier-league,2020-21,17,burnley,38,10,9,19,33,55,-22,39,NONE,,2021-05-25
premier-league,2020-21,18,fulham,38,5,13,20,27,53,-26,28,RELEGATION,降格,2021-05-25
premier-league,2020-21,19,west-bromwich-albion,38,5,11,22,35,76,-41,26,RELEGATION,降格,2021-05-25
premier-league,2020-21,20,sheffield-united,38,7,2,29,20,63,-43,23,RELEGATION,降格,2021-05-25
laliga,2024-25,1,barcelona,38,28,4,6,102,39,63,88,UCL,CL出場,2025-05-27
laliga,2024-25,2,real-madrid,38,26,6,6,78,38,40,84,UCL,CL出場,2025-05-27
laliga,2024-25,3,atletico-madrid,38,22,10,6,68,30,38,76,UCL,CL出場,2025-05-27
laliga,2024-25,4,athletic-bilbao,38,19,13,6,54,29,25,70,UCL,CL出場,2025-05-27
laliga,2024-25,5,villarreal,38,20,10,8,71,51,20,70,UCL,CL出場,2025-05-27
laliga,2024-25,6,real-betis,38,16,12,10,57,50,7,60,UEL,EL出場,2025-05-27
laliga,2024-25,7,celta-vigo,38,16,7,15,59,57,2,55,UEL,EL出場,2025-05-27
laliga,2024-25,8,rayo-vallecano,38,13,13,12,41,45,-4,52,UECL,ECL予選PO,2025-05-27
laliga,2024-25,9,osasuna,38,12,16,10,48,52,-4,52,NONE,,2025-05-27
laliga,2024-25,10,mallorca,38,13,9,16,35,44,-9,48,NONE,,2025-05-27
laliga,2024-25,11,real-sociedad,38,13,7,18,35,46,-11,46,NONE,,2025-05-27
laliga,2024-25,12,valencia,38,11,13,14,44,54,-10,46,NONE,,2025-05-27
laliga,2024-25,13,getafe,38,11,9,18,34,39,-5,42,NONE,,2025-05-27
laliga,2024-25,14,espanyol,38,11,9,18,40,51,-11,42,NONE,,2025-05-27
laliga,2024-25,15,alaves,38,10,12,16,38,48,-10,42,NONE,,2025-05-27
laliga,2024-25,16,girona,38,11,8,19,44,60,-16,41,NONE,,2025-05-27
laliga,2024-25,17,sevilla,38,10,11,17,42,55,-13,41,NONE,,2025-05-27
laliga,2024-25,18,leganes,38,9,13,16,39,56,-17,40,RELEGATION,降格,2025-05-27
laliga,2024-25,19,las-palmas,38,8,8,22,40,61,-21,32,RELEGATION,降格,2025-05-27
laliga,2024-25,20,valladolid,38,4,4,30,26,90,-64,16,RELEGATION,降格,2025-05-27
laliga,2023-24,1,real-madrid,38,29,8,1,87,26,61,95,UCL,CL出場,2024-05-28
laliga,2023-24,2,barcelona,38,26,7,5,79,44,35,85,UCL,CL出場,2024-05-28
laliga,2023-24,3,girona,38,25,6,7,85,46,39,81,UCL,CL出場,2024-05-28
laliga,2023-24,4,atletico-madrid,38,24,4,10,70,43,27,76,UCL,CL出場,2024-05-28
laliga,2023-24,5,athletic-bilbao,38,19,11,8,61,37,24,68,UEL,EL出場,2024-05-28
laliga,2023-24,6,real-sociedad,38,16,12,10,51,39,12,60,UEL,EL出場,2024-05-28
laliga,2023-24,7,real-betis,38,14,15,9,48,45,3,57,UECL,ECL予選PO,2024-05-28
laliga,2023-24,8,villarreal,38,14,11,13,65,65,0,53,NONE,,2024-05-28
laliga,2023-24,9,valencia,38,13,10,15,40,45,-5,49,NONE,,2024-05-28
laliga,2023-24,10,alaves,38,12,10,16,36,46,-10,46,NONE,,2024-05-28
laliga,2023-24,11,osasuna,38,12,9,17,45,56,-11,45,NONE,,2024-05-28
laliga,2023-24,12,getafe,38,10,13,15,42,54,-12,43,NONE,,2024-05-28
laliga,2023-24,13,celta-vigo,38,10,11,17,46,57,-11,41,NONE,,2024-05-28
laliga,2023-24,14,sevilla,38,10,11,17,48,54,-6,41,NONE,,2024-05-28
laliga,2023-24,15,mallorca,38,8,16,14,33,44,-11,40,NONE,,2024-05-28
laliga,2023-24,16,las-palmas,38,10,10,18,33,47,-14,40,NONE,,2024-05-28
laliga,2023-24,17,rayo-vallecano,38,8,14,16,29,48,-19,38,NONE,,2024-05-28
laliga,2023-24,18,cadiz,38,6,15,17,26,55,-29,33,RELEGATION,降格,2024-05-28
laliga,2023-24,19,almeria,38,3,12,23,43,75,-32,21,RELEGATION,降格,2024-05-28
laliga,2023-24,20,granada,38,4,9,25,38,79,-41,21,RELEGATION,降格,2024-05-28
laliga,2022-23,1,barcelona,38,28,4,6,70,20,50,88,UCL,CL出場,2023-06-06
laliga,2022-23,2,real-madrid,38,24,6,8,75,36,39,78,UCL,CL出場,2023-06-06
laliga,2022-23,3,atletico-madrid,38,23,8,7,70,33,37,77,UCL,CL出場,2023-06-06
laliga,2022-23,4,real-sociedad,38,21,8,9,51,35,16,71,UCL,CL出場,2023-06-06
laliga,2022-23,5,villarreal,38,19,7,12,59,40,19,64,UEL,EL出場,2023-06-06
laliga,2022-23,6,real-betis,38,17,9,12,46,41,5,60,UEL,EL出場,2023-06-06
laliga,2022-23,7,osasuna,38,15,8,15,37,42,-5,53,UECL,ECL予選PO,2023-06-06
laliga,2022-23,8,athletic-bilbao,38,14,9,15,47,43,4,51,NONE,,2023-06-06
laliga,2022-23,9,mallorca,38,14,8,16,37,43,-6,50,NONE,,2023-06-06
laliga,2022-23,10,girona,38,13,10,15,58,55,3,49,NONE,,2023-06-06
laliga,2022-23,11,rayo-vallecano,38,13,10,15,45,53,-8,49,NONE,,2023-06-06
laliga,2022-23,12,sevilla,38,13,10,15,47,54,-7,49,UCL,CL出場（EL優勝）,2023-06-06
laliga,2022-23,13,celta-vigo,38,11,10,17,43,53,-10,43,NONE,,2023-06-06
laliga,2022-23,14,cadiz,38,10,12,16,30,53,-23,42,NONE,,2023-06-06
laliga,2022-23,15,getafe,38,10,12,16,34,45,-11,42,NONE,,2023-06-06
laliga,2022-23,16,valencia,38,11,9,18,42,45,-3,42,NONE,,2023-06-06
laliga,2022-23,17,almeria,38,11,8,19,49,65,-16,41,NONE,,2023-06-06
laliga,2022-23,18,valladolid,38,11,7,20,33,63,-30,40,RELEGATION,降格,2023-06-06
laliga,2022-23,19,espanyol,38,8,13,17,52,69,-17,37,RELEGATION,降格,2023-06-06
laliga,2022-23,20,elche,38,5,10,23,30,67,-37,25,RELEGATION,降格,2023-06-06
laliga,2021-22,1,real-madrid,38,26,8,4,80,31,49,86,UCL,CL出場,2022-05-24
laliga,2021-22,2,barcelona,38,21,10,7,68,38,30,73,UCL,CL出場,2022-05-24
laliga,2021-22,3,atletico-madrid,38,21,8,9,65,43,22,71,UCL,CL出場,2022-05-24
laliga,2021-22,4,sevilla,38,18,16,4,53,30,23,70,UCL,CL出場,2022-05-24
laliga,2021-22,5,real-betis,38,19,8,11,62,40,22,65,UEL,EL出場,2022-05-24
laliga,2021-22,6,real-sociedad,38,17,11,10,40,37,3,62,UEL,EL出場,2022-05-24
laliga,2021-22,7,villarreal,38,16,11,11,63,37,26,59,UECL,ECL予選PO,2022-05-24
laliga,2021-22,8,athletic-bilbao,38,14,13,11,43,36,7,55,NONE,,2022-05-24
laliga,2021-22,9,valencia,38,11,15,12,48,53,-5,48,NONE,,2022-05-24
laliga,2021-22,10,osasuna,38,12,11,15,37,51,-14,47,NONE,,2022-05-24
laliga,2021-22,11,celta-vigo,38,12,10,16,43,43,0,46,NONE,,2022-05-24
laliga,2021-22,12,rayo-vallecano,38,11,9,18,39,50,-11,42,NONE,,2022-05-24
laliga,2021-22,13,elche,38,11,9,18,40,52,-12,42,NONE,,2022-05-24
laliga,2021-22,14,espanyol,38,10,12,16,40,53,-13,42,NONE,,2022-05-24
laliga,2021-22,15,getafe,38,8,15,15,33,41,-8,39,NONE,,2022-05-24
laliga,2021-22,16,mallorca,38,10,9,19,36,63,-27,39,NONE,,2022-05-24
laliga,2021-22,17,cadiz,38,8,15,15,35,51,-16,39,NONE,,2022-05-24
laliga,2021-22,18,granada,38,8,14,16,44,61,-17,38,RELEGATION,降格,2022-05-24
laliga,2021-22,19,levante,38,8,11,19,51,76,-25,35,RELEGATION,降格,2022-05-24
laliga,2021-22,20,alaves,38,8,7,23,31,65,-34,31,RELEGATION,降格,2022-05-24
laliga,2020-21,1,atletico-madrid,38,26,8,4,67,25,42,86,UCL,CL出場,2021-05-28
laliga,2020-21,2,real-madrid,38,25,9,4,67,28,39,84,UCL,CL出場,2021-05-28
laliga,2020-21,3,barcelona,38,24,7,7,85,38,47,79,UCL,CL出場,2021-05-28
laliga,2020-21,4,sevilla,38,24,5,9,53,33,20,77,UCL,CL出場,2021-05-28
laliga,2020-21,5,real-sociedad,38,17,11,10,59,38,21,62,UEL,EL出場,2021-05-28
laliga,2020-21,6,real-betis,38,17,10,11,50,50,0,61,UEL,EL出場,2021-05-28
laliga,2020-21,7,villarreal,38,15,13,10,60,44,16,58,UCL,CL出場（EL優勝）,2021-05-28
laliga,2020-21,8,celta-vigo,38,14,11,13,55,57,-2,53,NONE,,2021-05-28
laliga,2020-21,9,granada,38,13,7,18,47,65,-18,46,NONE,,2021-05-28
laliga,2020-21,10,athletic-bilbao,38,11,13,14,46,42,4,46,NONE,,2021-05-28
laliga,2020-21,11,osasuna,38,11,11,16,37,48,-11,44,NONE,,2021-05-28
laliga,2020-21,12,cadiz,38,11,11,16,36,58,-22,44,NONE,,2021-05-28
laliga,2020-21,13,valencia,38,10,13,15,50,53,-3,43,NONE,,2021-05-28
laliga,2020-21,14,levante,38,9,14,15,46,57,-11,41,NONE,,2021-05-28
laliga,2020-21,15,getafe,38,9,11,18,28,43,-15,38,NONE,,2021-05-28
laliga,2020-21,16,elche,38,8,12,18,34,55,-21,36,NONE,,2021-05-28
laliga,2020-21,17,alaves,38,8,11,19,36,57,-21,35,NONE,,2021-05-28
laliga,2020-21,18,huesca,38,7,13,18,34,53,-19,34,RELEGATION,降格,2021-05-28
laliga,2020-21,19,valladolid,38,5,16,17,34,57,-23,31,RELEGATION,降格,2021-05-28
laliga,2020-21,20,eibar,38,6,12,20,29,52,-23,30,RELEGATION,降格,2021-05-28
bundesliga,2024-25,1,bayern-munich,34,25,7,2,99,32,67,82,UCL,CL出場,2025-05-29
bundesliga,2024-25,2,bayer-leverkusen,34,19,12,3,72,43,29,69,UCL,CL出場,2025-05-29
bundesliga,2024-25,3,eintracht-frankfurt,34,17,9,8,68,46,22,60,UCL,CL出場,2025-05-29
bundesliga,2024-25,4,borussia-dortmund,34,17,6,11,71,51,20,57,UCL,CL出場,2025-05-29
bundesliga,2024-25,5,freiburg,34,16,7,11,49,53,-4,55,UEL,EL出場,2025-05-29
bundesliga,2024-25,6,mainz,34,14,10,10,55,43,12,52,UECL,UECL予選,2025-05-29
bundesliga,2024-25,7,rb-leipzig,34,13,12,9,53,48,5,51,NONE,,2025-05-29
bundesliga,2024-25,8,werder-bremen,34,14,9,11,54,57,-3,51,NONE,,2025-05-29
bundesliga,2024-25,9,stuttgart,34,14,8,12,64,53,11,50,UEL,EL出場（DFBポカール優勝）,2025-05-29
bundesliga,2024-25,10,borussia-monchengladbach,34,13,6,15,55,57,-2,45,NONE,,2025-05-29
bundesliga,2024-25,11,wolfsburg,34,11,10,13,56,54,2,43,NONE,,2025-05-29
bundesliga,2024-25,12,augsburg,34,11,10,13,35,51,-16,43,NONE,,2025-05-29
bundesliga,2024-25,13,union-berlin,34,10,10,14,35,51,-16,40,NONE,,2025-05-29
bundesliga,2024-25,14,st-pauli,34,8,8,18,28,41,-13,32,NONE,,2025-05-29
bundesliga,2024-25,15,hoffenheim,34,7,11,16,46,68,-22,32,NONE,,2025-05-29
bundesliga,2024-25,16,heidenheim,34,8,5,21,37,64,-27,29,PLAYOFF,入替戦,2025-05-29
bundesliga,2024-25,17,holstein-kiel,34,6,7,21,49,80,-31,25,RELEGATION,降格,2025-05-29
bundesliga,2024-25,18,bochum,34,6,7,21,33,67,-34,25,RELEGATION,降格,2025-05-29
bundesliga,2023-24,1,bayer-leverkusen,34,28,6,0,89,24,65,90,UCL,CL出場,2024-05-20
bundesliga,2023-24,2,stuttgart,34,23,4,7,78,39,39,73,UCL,CL出場,2024-05-20
bundesliga,2023-24,3,bayern-munich,34,23,3,8,94,45,49,72,UCL,CL出場,2024-05-20
bundesliga,2023-24,4,rb-leipzig,34,19,8,7,77,39,38,65,UCL,CL出場,2024-05-20
bundesliga,2023-24,5,borussia-dortmund,34,18,9,7,68,43,25,63,UCL,CL出場,2024-05-20
bundesliga,2023-24,6,eintracht-frankfurt,34,11,14,9,51,50,1,47,UEL,EL出場,2024-05-20
bundesliga,2023-24,7,hoffenheim,34,13,7,14,66,66,0,46,UEL,EL出場,2024-05-20
bundesliga,2023-24,8,heidenheim,34,10,12,12,50,55,-5,42,UECL,UECL予選,2024-05-20
bundesliga,2023-24,9,werder-bremen,34,11,9,14,48,54,-6,42,NONE,,2024-05-20
bundesliga,2023-24,10,freiburg,34,11,9,14,45,58,-13,42,NONE,,2024-05-20
bundesliga,2023-24,11,augsburg,34,10,9,15,50,60,-10,39,NONE,,2024-05-20
bundesliga,2023-24,12,wolfsburg,34,10,7,17,41,56,-15,37,NONE,,2024-05-20
bundesliga,2023-24,13,mainz,34,7,14,13,39,51,-12,35,NONE,,2024-05-20
bundesliga,2023-24,14,borussia-monchengladbach,34,7,13,14,56,67,-11,34,NONE,,2024-05-20
bundesliga,2023-24,15,union-berlin,34,9,6,19,33,58,-25,33,NONE,,2024-05-20
bundesliga,2023-24,16,bochum,34,7,12,15,42,74,-32,33,PLAYOFF,入替戦,2024-05-20
bundesliga,2023-24,17,koln,34,5,12,17,28,60,-32,27,RELEGATION,降格,2024-05-20
bundesliga,2023-24,18,darmstadt,34,3,8,23,30,86,-56,17,RELEGATION,降格,2024-05-20
bundesliga,2022-23,1,bayern-munich,34,21,8,5,92,38,54,71,UCL,CL出場,2023-05-29
bundesliga,2022-23,2,borussia-dortmund,34,22,5,7,83,44,39,71,UCL,CL出場,2023-05-29
bundesliga,2022-23,3,rb-leipzig,34,20,6,8,64,41,23,66,UCL,CL出場,2023-05-29
bundesliga,2022-23,4,union-berlin,34,18,8,8,51,38,13,62,UCL,CL出場,2023-05-29
bundesliga,2022-23,5,freiburg,34,17,8,9,51,44,7,59,UEL,EL出場,2023-05-29
bundesliga,2022-23,6,bayer-leverkusen,34,14,8,12,57,49,8,50,UEL,EL出場,2023-05-29
bundesliga,2022-23,7,eintracht-frankfurt,34,13,11,10,58,52,6,50,UECL,UECL予選,2023-05-29
bundesliga,2022-23,8,wolfsburg,34,13,10,11,57,48,9,49,NONE,,2023-05-29
bundesliga,2022-23,9,mainz,34,12,10,12,54,55,-1,46,NONE,,2023-05-29
bundesliga,2022-23,10,borussia-monchengladbach,34,11,10,13,52,55,-3,43,NONE,,2023-05-29
bundesliga,2022-23,11,koln,34,10,12,12,49,54,-5,42,NONE,,2023-05-29
bundesliga,2022-23,12,hoffenheim,34,10,6,18,48,57,-9,36,NONE,,2023-05-29
bundesliga,2022-23,13,werder-bremen,34,10,6,18,51,64,-13,36,NONE,,2023-05-29
bundesliga,2022-23,14,bochum,34,10,5,19,40,72,-32,35,NONE,,2023-05-29
bundesliga,2022-23,15,augsburg,34,9,7,18,42,63,-21,34,NONE,,2023-05-29
bundesliga,2022-23,16,stuttgart,34,7,12,15,45,57,-12,33,PLAYOFF,入替戦,2023-05-29
bundesliga,2022-23,17,schalke,34,7,10,17,35,71,-36,31,RELEGATION,降格,2023-05-29
bundesliga,2022-23,18,hertha-berlin,34,7,8,19,42,69,-27,29,RELEGATION,降格,2023-05-29
bundesliga,2021-22,1,bayern-munich,34,24,5,5,97,37,60,77,UCL,CL出場,2022-05-25
bundesliga,2021-22,2,borussia-dortmund,34,22,3,9,85,52,33,69,UCL,CL出場,2022-05-25
bundesliga,2021-22,3,bayer-leverkusen,34,19,7,8,80,47,33,64,UCL,CL出場,2022-05-25
bundesliga,2021-22,4,rb-leipzig,34,17,7,10,72,37,35,58,UCL,CL出場,2022-05-25
bundesliga,2021-22,5,union-berlin,34,16,9,9,50,44,6,57,UEL,EL出場,2022-05-25
bundesliga,2021-22,6,freiburg,34,15,10,9,58,46,12,55,UEL,EL出場,2022-05-25
bundesliga,2021-22,7,koln,34,14,10,10,52,49,3,52,UECL,UECL予選,2022-05-25
bundesliga,2021-22,8,mainz,34,13,7,14,50,45,5,46,NONE,,2022-05-25
bundesliga,2021-22,9,hoffenheim,34,13,7,14,58,60,-2,46,NONE,,2022-05-25
bundesliga,2021-22,10,borussia-monchengladbach,34,12,9,13,54,61,-7,45,NONE,,2022-05-25
bundesliga,2021-22,11,eintracht-frankfurt,34,10,12,12,45,49,-4,42,UCL,CL出場（EL優勝）,2022-05-25
bundesliga,2021-22,12,wolfsburg,34,12,6,16,43,54,-11,42,NONE,,2022-05-25
bundesliga,2021-22,13,bochum,34,12,6,16,38,52,-14,42,NONE,,2022-05-25
bundesliga,2021-22,14,augsburg,34,10,8,16,39,56,-17,38,NONE,,2022-05-25
bundesliga,2021-22,15,stuttgart,34,7,12,15,41,59,-18,33,NONE,,2022-05-25
bundesliga,2021-22,16,hertha-berlin,34,9,6,19,37,71,-34,33,PLAYOFF,入替戦,2022-05-25
bundesliga,2021-22,17,bielefeld,34,5,13,16,27,53,-26,28,RELEGATION,降格,2022-05-25
bundesliga,2021-22,18,greuther-furth,34,3,9,22,28,82,-54,18,RELEGATION,降格,2022-05-25
bundesliga,2020-21,1,bayern-munich,34,24,6,4,99,44,55,78,UCL,CL出場,2021-05-31
bundesliga,2020-21,2,rb-leipzig,34,19,8,7,60,32,28,65,UCL,CL出場,2021-05-31
bundesliga,2020-21,3,borussia-dortmund,34,20,4,10,75,46,29,64,UCL,CL出場,2021-05-31
bundesliga,2020-21,4,wolfsburg,34,17,10,7,61,37,24,61,UCL,CL出場,2021-05-31
bundesliga,2020-21,5,eintracht-frankfurt,34,16,12,6,69,53,16,60,UEL,EL出場,2021-05-31
bundesliga,2020-21,6,bayer-leverkusen,34,14,10,10,53,39,14,52,UEL,EL出場,2021-05-31
bundesliga,2020-21,7,union-berlin,34,12,14,8,50,43,7,50,UECL,UECL予選,2021-05-31
bundesliga,2020-21,8,borussia-monchengladbach,34,13,10,11,64,56,8,49,NONE,,2021-05-31
bundesliga,2020-21,9,stuttgart,34,12,9,13,56,53,3,45,NONE,,2021-05-31
bundesliga,2020-21,10,freiburg,34,12,9,13,52,52,0,45,NONE,,2021-05-31
bundesliga,2020-21,11,hoffenheim,34,11,10,13,52,54,-2,43,NONE,,2021-05-31
bundesliga,2020-21,12,mainz,34,10,9,15,39,56,-17,39,NONE,,2021-05-31
bundesliga,2020-21,13,augsburg,34,10,6,18,36,54,-18,36,NONE,,2021-05-31
bundesliga,2020-21,14,hertha-berlin,34,8,11,15,41,52,-11,35,NONE,,2021-05-31
bundesliga,2020-21,15,bielefeld,34,9,8,17,26,52,-26,35,NONE,,2021-05-31
bundesliga,2020-21,16,koln,34,8,9,17,34,60,-26,33,PLAYOFF,入替戦,2021-05-31
bundesliga,2020-21,17,werder-bremen,34,7,10,17,36,57,-21,31,RELEGATION,降格,2021-05-31
bundesliga,2020-21,18,schalke,34,3,7,24,25,86,-61,16,RELEGATION,降格,2021-05-31
serie-a,2024-25,1,napoli,38,24,10,4,59,27,32,82,UCL,CL出場,2025-05-27
serie-a,2024-25,2,inter,38,24,9,5,79,35,44,81,UCL,CL出場,2025-05-27
serie-a,2024-25,3,atalanta,38,22,8,8,78,37,41,74,UCL,CL出場,2025-05-27
serie-a,2024-25,4,juventus,38,18,16,4,58,35,23,70,UCL,CL出場,2025-05-27
serie-a,2024-25,5,roma,38,20,9,9,56,35,21,69,UEL,EL出場,2025-05-27
serie-a,2024-25,6,fiorentina,38,19,8,11,60,41,19,65,UECL,UECL予選,2025-05-27
serie-a,2024-25,7,lazio,38,18,11,9,61,49,12,65,NONE,,2025-05-27
serie-a,2024-25,8,milan,38,18,9,11,61,43,18,63,NONE,,2025-05-27
serie-a,2024-25,9,bologna,38,16,14,8,57,47,10,62,UEL,EL出場（コッパ・イタリア優勝）,2025-05-27
serie-a,2024-25,10,como,38,13,10,15,49,52,-3,49,NONE,,2025-05-27
serie-a,2024-25,11,torino,38,10,14,14,39,45,-6,44,NONE,,2025-05-27
serie-a,2024-25,12,udinese,38,12,8,18,41,56,-15,44,NONE,,2025-05-27
serie-a,2024-25,13,genoa,38,10,13,15,37,49,-12,43,NONE,,2025-05-27
serie-a,2024-25,14,hellas-verona,38,10,7,21,34,66,-32,37,NONE,,2025-05-27
serie-a,2024-25,15,cagliari,38,9,9,20,40,56,-16,36,NONE,,2025-05-27
serie-a,2024-25,16,parma,38,7,15,16,44,58,-14,36,NONE,,2025-05-27
serie-a,2024-25,17,lecce,38,8,10,20,27,58,-31,34,NONE,,2025-05-27
serie-a,2024-25,18,empoli,38,6,13,19,33,59,-26,31,RELEGATION,降格,2025-05-27
serie-a,2024-25,19,venezia,38,5,14,19,32,56,-24,29,RELEGATION,降格,2025-05-27
serie-a,2024-25,20,monza,38,3,9,26,28,69,-41,18,RELEGATION,降格,2025-05-27
serie-a,2023-24,1,inter,38,29,7,2,89,22,67,94,UCL,CL出場,2024-05-28
serie-a,2023-24,2,milan,38,22,9,7,76,49,27,75,UCL,CL出場,2024-05-28
serie-a,2023-24,3,juventus,38,19,14,5,54,31,23,71,UCL,CL出場,2024-05-28
serie-a,2023-24,4,atalanta,38,21,6,11,72,42,30,69,UCL,CL出場,2024-05-28
serie-a,2023-24,5,bologna,38,18,14,6,54,32,22,68,UCL,CL出場（追加枠）,2024-05-28
serie-a,2023-24,6,roma,38,18,9,11,65,46,19,63,UEL,EL出場,2024-05-28
serie-a,2023-24,7,lazio,38,18,7,13,49,39,10,61,UEL,EL出場,2024-05-28
serie-a,2023-24,8,fiorentina,38,17,9,12,61,46,15,60,UECL,UECL予選,2024-05-28
serie-a,2023-24,9,torino,38,13,14,11,36,36,0,53,NONE,,2024-05-28
serie-a,2023-24,10,napoli,38,13,14,11,55,48,7,53,NONE,,2024-05-28
serie-a,2023-24,11,genoa,38,12,13,13,45,45,0,49,NONE,,2024-05-28
serie-a,2023-24,12,monza,38,11,12,15,39,51,-12,45,NONE,,2024-05-28
serie-a,2023-24,13,hellas-verona,38,9,11,18,38,51,-13,38,NONE,,2024-05-28
serie-a,2023-24,14,lecce,38,8,14,16,32,54,-22,38,NONE,,2024-05-28
serie-a,2023-24,15,udinese,38,6,19,13,37,53,-16,37,NONE,,2024-05-28
serie-a,2023-24,16,cagliari,38,8,12,18,42,68,-26,36,NONE,,2024-05-28
serie-a,2023-24,17,empoli,38,9,9,20,29,54,-25,36,NONE,,2024-05-28
serie-a,2023-24,18,frosinone,38,8,11,19,44,69,-25,35,RELEGATION,降格,2024-05-28
serie-a,2023-24,19,sassuolo,38,7,9,22,43,75,-32,30,RELEGATION,降格,2024-05-28
serie-a,2023-24,20,salernitana,38,2,11,25,32,81,-49,17,RELEGATION,降格,2024-05-28
serie-a,2022-23,1,napoli,38,28,6,4,77,28,49,90,UCL,CL出場,2023-06-06
serie-a,2022-23,2,lazio,38,22,8,8,60,30,30,74,UCL,CL出場,2023-06-06
serie-a,2022-23,3,inter,38,23,3,12,71,42,29,72,UCL,CL出場,2023-06-06
serie-a,2022-23,4,milan,38,20,10,8,64,43,21,70,UCL,CL出場,2023-06-06
serie-a,2022-23,5,atalanta,38,19,7,12,66,48,18,64,UEL,EL出場,2023-06-06
serie-a,2022-23,6,roma,38,18,9,11,50,38,12,63,UEL,EL出場,2023-06-06
serie-a,2022-23,7,juventus,38,22,6,10,56,33,23,62,UECL,UECL予選（勝点剥奪）,2023-06-06
serie-a,2022-23,8,fiorentina,38,15,11,12,53,43,10,56,NONE,,2023-06-06
serie-a,2022-23,9,bologna,38,14,12,12,53,49,4,54,NONE,,2023-06-06
serie-a,2022-23,10,torino,38,14,11,13,42,41,1,53,NONE,,2023-06-06
serie-a,2022-23,11,monza,38,14,10,14,48,52,-4,52,NONE,,2023-06-06
serie-a,2022-23,12,udinese,38,11,13,14,47,48,-1,46,NONE,,2023-06-06
serie-a,2022-23,13,sassuolo,38,12,9,17,47,61,-14,45,NONE,,2023-06-06
serie-a,2022-23,14,empoli,38,10,13,15,37,49,-12,43,NONE,,2023-06-06
serie-a,2022-23,15,salernitana,38,9,15,14,48,62,-14,42,NONE,,2023-06-06
serie-a,2022-23,16,lecce,38,8,12,18,33,46,-13,36,NONE,,2023-06-06
serie-a,2022-23,17,hellas-verona,38,7,10,21,31,59,-28,31,PLAYOFF,入替戦,2023-06-06
serie-a,2022-23,18,spezia,38,6,13,19,31,62,-31,31,RELEGATION,降格,2023-06-06
serie-a,2022-23,19,cremonese,38,5,12,21,36,69,-33,27,RELEGATION,降格,2023-06-06
serie-a,2022-23,20,sampdoria,38,3,10,25,24,71,-47,19,RELEGATION,降格,2023-06-06
serie-a,2021-22,1,milan,38,26,8,4,69,31,38,86,UCL,CL出場,2022-05-24
serie-a,2021-22,2,inter,38,25,9,4,84,32,52,84,UCL,CL出場,2022-05-24
serie-a,2021-22,3,napoli,38,24,7,7,74,31,43,79,UCL,CL出場,2022-05-24
serie-a,2021-22,4,juventus,38,20,10,8,57,37,20,70,UCL,CL出場,2022-05-24
serie-a,2021-22,5,lazio,38,18,10,10,77,58,19,64,UEL,EL出場,2022-05-24
serie-a,2021-22,6,roma,38,18,9,11,59,43,16,63,UEL,EL出場,2022-05-24
serie-a,2021-22,7,fiorentina,38,19,5,14,59,51,8,62,UECL,UECL予選,2022-05-24
serie-a,2021-22,8,atalanta,38,16,11,11,65,48,17,59,NONE,,2022-05-24
serie-a,2021-22,9,hellas-verona,38,14,11,13,65,59,6,53,NONE,,2022-05-24
serie-a,2021-22,10,torino,38,13,11,14,46,41,5,50,NONE,,2022-05-24
serie-a,2021-22,11,sassuolo,38,13,11,14,64,66,-2,50,NONE,,2022-05-24
serie-a,2021-22,12,udinese,38,11,14,13,61,58,3,47,NONE,,2022-05-24
serie-a,2021-22,13,bologna,38,12,10,16,44,55,-11,46,NONE,,2022-05-24
serie-a,2021-22,14,empoli,38,10,11,17,50,70,-20,41,NONE,,2022-05-24
serie-a,2021-22,15,sampdoria,38,10,6,22,46,63,-17,36,NONE,,2022-05-24
serie-a,2021-22,16,spezia,38,10,6,22,41,71,-30,36,NONE,,2022-05-24
serie-a,2021-22,17,salernitana,38,7,10,21,33,78,-45,31,NONE,,2022-05-24
serie-a,2021-22,18,cagliari,38,6,12,20,34,68,-34,30,RELEGATION,降格,2022-05-24
serie-a,2021-22,19,genoa,38,4,16,18,27,60,-33,28,RELEGATION,降格,2022-05-24
serie-a,2021-22,20,venezia,38,6,9,23,34,69,-35,27,RELEGATION,降格,2022-05-24
serie-a,2020-21,1,inter,38,28,7,3,89,35,54,91,UCL,CL出場,2021-05-25
serie-a,2020-21,2,milan,38,24,7,7,74,41,33,79,UCL,CL出場,2021-05-25
serie-a,2020-21,3,atalanta,38,23,9,6,90,47,43,78,UCL,CL出場（直接対決）,2021-05-25
serie-a,2020-21,4,juventus,38,23,9,6,77,38,39,78,UCL,CL出場,2021-05-25
serie-a,2020-21,5,napoli,38,24,5,9,86,41,45,77,UEL,EL出場,2021-05-25
serie-a,2020-21,6,lazio,38,21,5,12,61,55,6,68,UEL,EL出場,2021-05-25
serie-a,2020-21,7,roma,38,18,8,12,68,58,10,62,UECL,UECL予選,2021-05-25
serie-a,2020-21,8,sassuolo,38,17,11,10,64,56,8,62,NONE,,2021-05-25
serie-a,2020-21,9,sampdoria,38,15,7,16,52,54,-2,52,NONE,,2021-05-25
serie-a,2020-21,10,hellas-verona,38,11,12,15,46,48,-2,45,NONE,,2021-05-25
serie-a,2020-21,11,genoa,38,10,12,16,47,58,-11,42,NONE,,2021-05-25
serie-a,2020-21,12,bologna,38,10,11,17,51,65,-14,41,NONE,,2021-05-25
serie-a,2020-21,13,fiorentina,38,9,13,16,47,59,-12,40,NONE,,2021-05-25
serie-a,2020-21,14,udinese,38,10,10,18,42,58,-16,40,NONE,,2021-05-25
serie-a,2020-21,15,spezia,38,9,12,17,52,72,-20,39,NONE,,2021-05-25
serie-a,2020-21,16,cagliari,38,9,10,19,43,59,-16,37,NONE,,2021-05-25
serie-a,2020-21,17,torino,38,7,16,15,50,69,-19,37,NONE,,2021-05-25
serie-a,2020-21,18,benevento,38,7,12,19,40,75,-35,33,RELEGATION,降格,2021-05-25
serie-a,2020-21,19,crotone,38,6,5,27,45,92,-47,23,RELEGATION,降格,2021-05-25
serie-a,2020-21,20,parma,38,3,11,24,39,83,-44,20,RELEGATION,降格,2021-05-25
ligue-1,2024-25,1,paris-saint-germain,34,26,6,2,92,35,57,84,UCL,CL出場,2025-05-19
ligue-1,2024-25,2,marseille,34,20,5,9,74,47,27,65,UCL,CL出場,2025-05-19
ligue-1,2024-25,3,monaco,34,18,7,9,63,41,22,61,UCL,CL出場,2025-05-19
ligue-1,2024-25,4,nice,34,17,9,8,66,41,25,60,UCL,CL予選,2025-05-19
ligue-1,2024-25,5,lille,34,17,9,8,52,36,16,60,UEL,EL出場,2025-05-19
ligue-1,2024-25,6,lyon,34,17,6,11,65,46,19,57,UEL,EL出場,2025-05-19
ligue-1,2024-25,7,strasbourg,34,16,9,9,56,44,12,57,UECL,ECL予選,2025-05-19
ligue-1,2024-25,8,rc-lens,34,15,7,12,42,39,3,52,NONE,,2025-05-19
ligue-1,2024-25,9,brest,34,15,5,14,52,59,-7,50,NONE,,2025-05-19
ligue-1,2024-25,10,toulouse,34,11,9,14,44,43,1,42,NONE,,2025-05-19
ligue-1,2024-25,11,auxerre,34,11,9,14,48,51,-3,42,NONE,,2025-05-19
ligue-1,2024-25,12,rennes,34,13,2,19,51,50,1,41,NONE,,2025-05-19
ligue-1,2024-25,13,nantes,34,8,12,14,39,52,-13,36,NONE,,2025-05-19
ligue-1,2024-25,14,angers,34,10,6,18,32,53,-21,36,NONE,,2025-05-19
ligue-1,2024-25,15,le-havre,34,10,4,20,40,71,-31,34,NONE,,2025-05-19
ligue-1,2024-25,16,stade-reims,34,8,9,17,33,47,-14,33,PLAYOFF,入替戦,2025-05-19
ligue-1,2024-25,17,saint-etienne,34,8,6,20,39,77,-38,30,RELEGATION,降格,2025-05-19
ligue-1,2024-25,18,montpellier,34,4,4,26,23,79,-56,16,RELEGATION,降格,2025-05-19
ligue-1,2023-24,1,paris-saint-germain,34,22,10,2,81,33,48,76,UCL,CL出場,2024-05-20
ligue-1,2023-24,2,monaco,34,20,7,7,68,42,26,67,UCL,CL出場,2024-05-20
ligue-1,2023-24,3,brest,34,17,10,7,53,34,19,61,UCL,CL出場,2024-05-20
ligue-1,2023-24,4,lille,34,16,11,7,52,34,18,59,UCL,CL予選,2024-05-20
ligue-1,2023-24,5,nice,34,15,10,9,40,29,11,55,UEL,EL出場,2024-05-20
ligue-1,2023-24,6,lyon,34,16,5,13,49,55,-6,53,UEL,EL出場,2024-05-20
ligue-1,2023-24,7,rc-lens,34,14,9,11,45,37,8,51,UECL,ECL予選,2024-05-20
ligue-1,2023-24,8,marseille,34,13,11,10,52,41,11,50,NONE,,2024-05-20
ligue-1,2023-24,9,stade-reims,34,13,8,13,42,47,-5,47,NONE,,2024-05-20
ligue-1,2023-24,10,rennes,34,12,10,12,53,46,7,46,NONE,,2024-05-20
ligue-1,2023-24,11,toulouse,34,11,10,13,42,46,-4,43,NONE,,2024-05-20
ligue-1,2023-24,12,montpellier,34,10,12,12,43,48,-5,41,NONE,,2024-05-20
ligue-1,2023-24,13,strasbourg,34,10,9,15,38,50,-12,39,NONE,,2024-05-20
ligue-1,2023-24,14,nantes,34,9,6,19,30,55,-25,33,NONE,,2024-05-20
ligue-1,2023-24,15,le-havre,34,7,11,16,34,45,-11,32,NONE,,2024-05-20
ligue-1,2023-24,16,metz,34,8,5,21,35,58,-23,29,PLAYOFF,入替戦,2024-05-20
ligue-1,2023-24,17,lorient,34,7,8,19,43,66,-23,29,RELEGATION,降格,2024-05-20
ligue-1,2023-24,18,clermont,34,5,10,19,26,60,-34,25,RELEGATION,降格,2024-05-20
ligue-1,2022-23,1,paris-saint-germain,38,27,4,7,89,40,49,85,UCL,CL出場,2023-06-06
ligue-1,2022-23,2,rc-lens,38,25,9,4,68,29,39,84,UCL,CL出場,2023-06-06
ligue-1,2022-23,3,marseille,38,22,7,9,67,40,27,73,UCL,CL予選,2023-06-06
ligue-1,2022-23,4,rennes,38,21,5,12,69,39,30,68,UEL,EL出場,2023-06-06
ligue-1,2022-23,5,lille,38,19,10,9,65,44,21,67,UECL,ECL予選,2023-06-06
ligue-1,2022-23,6,monaco,38,19,8,11,70,58,12,65,NONE,,2023-06-06
ligue-1,2022-23,7,lyon,38,18,8,12,65,47,18,62,NONE,,2023-06-06
ligue-1,2022-23,8,clermont,38,17,8,13,45,49,-4,59,NONE,,2023-06-06
ligue-1,2022-23,9,nice,38,15,13,10,48,37,11,58,NONE,,2023-06-06
ligue-1,2022-23,10,lorient,38,15,10,13,52,53,-1,55,NONE,,2023-06-06
ligue-1,2022-23,11,stade-reims,38,12,15,11,45,45,0,51,NONE,,2023-06-06
ligue-1,2022-23,12,montpellier,38,15,5,18,65,62,3,50,NONE,,2023-06-06
ligue-1,2022-23,13,toulouse,38,13,9,16,51,57,-6,48,UEL,EL出場,2023-06-06
ligue-1,2022-23,14,brest,38,11,11,16,44,54,-10,44,NONE,,2023-06-06
ligue-1,2022-23,15,strasbourg,38,9,13,16,51,59,-8,40,NONE,,2023-06-06
ligue-1,2022-23,16,nantes,38,7,15,16,37,55,-18,36,NONE,,2023-06-06
ligue-1,2022-23,17,auxerre,38,8,11,19,35,63,-28,35,RELEGATION,降格,2023-06-06
ligue-1,2022-23,18,ajaccio,38,7,5,26,23,74,-51,26,RELEGATION,降格,2023-06-06
ligue-1,2022-23,19,troyes,38,4,12,22,45,81,-36,24,RELEGATION,降格,2023-06-06
ligue-1,2022-23,20,angers,38,4,6,28,33,81,-48,18,RELEGATION,降格,2023-06-06
ligue-1,2021-22,1,paris-saint-germain,38,26,8,4,90,36,54,86,UCL,CL出場,2022-05-23
ligue-1,2021-22,2,marseille,38,21,8,9,63,38,25,71,UCL,CL出場,2022-05-23
ligue-1,2021-22,3,monaco,38,20,9,9,65,40,25,69,UCL,CL予選,2022-05-23
ligue-1,2021-22,4,rennes,38,20,6,12,82,40,42,66,UEL,EL出場,2022-05-23
ligue-1,2021-22,5,nice,38,20,7,11,52,36,16,66,UECL,ECL予選,2022-05-23
ligue-1,2021-22,6,strasbourg,38,17,12,9,60,43,17,63,NONE,,2022-05-23
ligue-1,2021-22,7,rc-lens,38,17,11,10,62,48,14,62,NONE,,2022-05-23
ligue-1,2021-22,8,lyon,38,17,11,10,66,51,15,61,NONE,,2022-05-23
ligue-1,2021-22,9,nantes,38,15,10,13,55,48,7,55,UEL,EL出場,2022-05-23
ligue-1,2021-22,10,lille,38,14,13,11,48,48,0,55,NONE,,2022-05-23
ligue-1,2021-22,11,brest,38,13,9,16,49,57,-8,48,NONE,,2022-05-23
ligue-1,2021-22,12,stade-reims,38,11,13,14,43,44,-1,46,NONE,,2022-05-23
ligue-1,2021-22,13,montpellier,38,12,7,19,49,61,-12,43,NONE,,2022-05-23
ligue-1,2021-22,14,angers,38,10,11,17,44,55,-11,41,NONE,,2022-05-23
ligue-1,2021-22,15,troyes,38,9,11,18,37,53,-16,38,NONE,,2022-05-23
ligue-1,2021-22,16,lorient,38,8,12,18,35,63,-28,36,NONE,,2022-05-23
ligue-1,2021-22,17,clermont,38,9,9,20,38,69,-31,36,NONE,,2022-05-23
ligue-1,2021-22,18,saint-etienne,38,7,11,20,42,77,-35,32,PLAYOFF,入替戦,2022-05-23
ligue-1,2021-22,19,metz,38,6,13,19,35,69,-34,31,RELEGATION,降格,2022-05-23
ligue-1,2021-22,20,bordeaux,38,6,13,19,52,91,-39,31,RELEGATION,降格,2022-05-23
ligue-1,2020-21,1,lille,38,24,11,3,64,23,41,83,UCL,CL出場,2021-05-25
ligue-1,2020-21,2,paris-saint-germain,38,26,4,8,86,28,58,82,UCL,CL出場,2021-05-25
ligue-1,2020-21,3,monaco,38,24,6,8,76,42,34,78,UCL,CL予選,2021-05-25
ligue-1,2020-21,4,lyon,38,22,10,6,81,43,38,76,UEL,EL出場,2021-05-25
ligue-1,2020-21,5,marseille,38,16,12,10,54,47,7,60,UEL,EL出場,2021-05-25
ligue-1,2020-21,6,rennes,38,16,10,12,52,40,12,58,UECL,ECL予選,2021-05-25
ligue-1,2020-21,7,rc-lens,38,15,12,11,55,54,1,57,NONE,,2021-05-25
ligue-1,2020-21,8,montpellier,38,14,12,12,60,62,-2,54,NONE,,2021-05-25
ligue-1,2020-21,9,nice,38,15,7,16,50,53,-3,52,NONE,,2021-05-25
ligue-1,2020-21,10,metz,38,12,11,15,44,48,-4,47,NONE,,2021-05-25
ligue-1,2020-21,11,saint-etienne,38,12,10,16,42,54,-12,46,NONE,,2021-05-25
ligue-1,2020-21,12,bordeaux,38,13,6,19,42,56,-14,45,NONE,,2021-05-25
ligue-1,2020-21,13,angers,38,12,8,18,40,58,-18,44,NONE,,2021-05-25
ligue-1,2020-21,14,stade-reims,38,9,15,14,42,50,-8,42,NONE,,2021-05-25
ligue-1,2020-21,15,strasbourg,38,11,9,18,49,58,-9,42,NONE,,2021-05-25
ligue-1,2020-21,16,lorient,38,11,9,18,50,68,-18,42,NONE,,2021-05-25
ligue-1,2020-21,17,brest,38,11,8,19,50,66,-16,41,NONE,,2021-05-25
ligue-1,2020-21,18,nantes,38,9,13,16,47,55,-8,40,PLAYOFF,入替戦,2021-05-25
ligue-1,2020-21,19,nimes,38,9,8,21,40,71,-31,35,RELEGATION,降格,2021-05-25
ligue-1,2020-21,20,dijon,38,4,9,25,25,73,-48,21,RELEGATION,降格,2021-05-25
laliga,2019-20,1,real-madrid,38,26,9,3,70,25,45,87,UCL,CL出場,2020-07-21
laliga,2019-20,2,barcelona,38,25,7,6,86,38,48,82,UCL,CL出場,2020-07-21
laliga,2019-20,3,atletico-madrid,38,18,16,4,51,27,24,70,UCL,CL出場,2020-07-21
laliga,2019-20,4,sevilla,38,19,13,6,54,34,20,70,UCL,CL出場,2020-07-21
laliga,2019-20,5,villarreal,38,18,6,14,63,49,14,60,UEL,EL出場,2020-07-21
laliga,2019-20,6,real-sociedad,38,16,8,14,56,48,8,56,UEL,EL出場,2020-07-21
laliga,2019-20,7,granada,38,16,8,14,52,45,7,56,UEL,EL予選,2020-07-21
laliga,2019-20,8,getafe,38,14,12,12,43,37,6,54,NONE,,2020-07-21
laliga,2019-20,9,valencia,38,14,11,13,46,53,-7,53,NONE,,2020-07-21
laliga,2019-20,10,osasuna,38,13,13,12,46,54,-8,52,NONE,,2020-07-21
laliga,2019-20,11,athletic-bilbao,38,13,12,13,41,38,3,51,NONE,,2020-07-21
laliga,2019-20,12,levante,38,14,7,17,47,53,-6,49,NONE,,2020-07-21
laliga,2019-20,13,valladolid,38,9,15,14,32,43,-11,42,NONE,,2020-07-21
laliga,2019-20,14,eibar,38,11,9,18,39,56,-17,42,NONE,,2020-07-21
laliga,2019-20,15,real-betis,38,10,11,17,48,60,-12,41,NONE,,2020-07-21
laliga,2019-20,16,alaves,38,10,9,19,34,59,-25,39,NONE,,2020-07-21
laliga,2019-20,17,celta-vigo,38,7,16,15,37,49,-12,37,NONE,,2020-07-21
laliga,2019-20,18,leganes,38,8,12,18,30,51,-21,36,RELEGATION,降格,2020-07-21
laliga,2019-20,19,mallorca,38,9,6,23,40,65,-25,33,RELEGATION,降格,2020-07-21
laliga,2019-20,20,espanyol,38,5,10,23,27,58,-31,25,RELEGATION,降格,2020-07-21
laliga,2018-19,1,barcelona,38,26,9,3,90,36,54,87,UCL,CL出場,2019-05-21
laliga,2018-19,2,atletico-madrid,38,22,10,6,55,29,26,76,UCL,CL出場,2019-05-21
laliga,2018-19,3,real-madrid,38,21,5,12,63,46,17,68,UCL,CL出場,2019-05-21
laliga,2018-19,4,valencia,38,15,16,7,51,35,16,61,UCL,CL出場,2019-05-21
laliga,2018-19,5,getafe,38,15,14,9,48,35,13,59,UEL,EL出場,2019-05-21
laliga,2018-19,6,sevilla,38,17,8,13,62,47,15,59,UEL,EL出場,2019-05-21
laliga,2018-19,7,espanyol,38,14,11,13,48,50,-2,53,UEL,EL予選,2019-05-21
laliga,2018-19,8,athletic-bilbao,38,13,14,11,41,45,-4,53,NONE,,2019-05-21
laliga,2018-19,9,real-sociedad,38,13,11,14,45,46,-1,50,NONE,,2019-05-21
laliga,2018-19,10,real-betis,38,14,8,16,44,52,-8,50,NONE,,2019-05-21
laliga,2018-19,11,alaves,38,13,11,14,39,50,-11,50,NONE,,2019-05-21
laliga,2018-19,12,eibar,38,11,14,13,46,50,-4,47,NONE,,2019-05-21
laliga,2018-19,13,leganes,38,11,12,15,37,43,-6,45,NONE,,2019-05-21
laliga,2018-19,14,villarreal,38,10,14,14,49,52,-3,44,NONE,,2019-05-21
laliga,2018-19,15,levante,38,11,11,16,59,66,-7,44,NONE,,2019-05-21
laliga,2018-19,16,valladolid,38,10,11,17,31,52,-21,41,NONE,,2019-05-21
laliga,2018-19,17,celta-vigo,38,10,11,17,53,62,-9,41,NONE,,2019-05-21
laliga,2018-19,18,girona,38,9,10,19,37,53,-16,37,RELEGATION,降格,2019-05-21
laliga,2018-19,19,huesca,38,7,12,19,43,65,-22,33,RELEGATION,降格,2019-05-21
laliga,2018-19,20,rayo-vallecano,38,8,8,22,41,70,-29,32,RELEGATION,降格,2019-05-21
premier-league,2019-20,1,liverpool,38,32,3,3,85,33,52,99,UCL,CL出場,2020-05-19
premier-league,2019-20,2,manchester-city,38,26,3,9,102,35,67,81,UCL,CL出場,2020-05-19
premier-league,2019-20,3,manchester-united,38,18,12,8,66,36,30,66,UCL,CL出場,2020-05-19
premier-league,2019-20,4,chelsea,38,20,6,12,69,52,17,66,UCL,CL出場,2020-05-19
premier-league,2019-20,5,leicester-city,38,18,8,12,67,41,26,62,UEL,EL出場,2020-05-19
premier-league,2019-20,6,tottenham-hotspur,38,16,11,11,61,47,14,59,UEL,EL予選,2020-05-19
premier-league,2019-20,7,wolves,38,15,14,9,51,40,11,59,NONE,,2020-05-19
premier-league,2019-20,8,arsenal,38,14,14,10,56,48,8,56,UEL,EL出場（FAカップ優勝）,2020-05-19
premier-league,2019-20,9,sheffield-united,38,14,12,12,39,39,0,54,NONE,,2020-05-19
premier-league,2019-20,10,burnley,38,15,9,14,42,50,-8,54,NONE,,2020-05-19
premier-league,2019-20,11,southampton,38,15,7,16,51,60,-9,52,NONE,,2020-05-19
premier-league,2019-20,12,everton,38,13,10,15,44,56,-12,49,NONE,,2020-05-19
premier-league,2019-20,13,newcastle-united,38,11,11,16,38,58,-20,44,NONE,,2020-05-19
premier-league,2019-20,14,crystal-palace,38,11,10,17,31,50,-19,43,NONE,,2020-05-19
premier-league,2019-20,15,brighton,38,9,14,15,39,54,-15,41,NONE,,2020-05-19
premier-league,2019-20,16,west-ham-united,38,10,9,19,49,62,-13,39,NONE,,2020-05-19
premier-league,2019-20,17,aston-villa,38,9,8,21,41,67,-26,35,NONE,,2020-05-19
premier-league,2019-20,18,bournemouth,38,9,7,22,40,65,-25,34,RELEGATION,降格,2020-05-19
premier-league,2019-20,19,watford,38,8,10,20,36,64,-28,34,RELEGATION,降格,2020-05-19
premier-league,2019-20,20,norwich-city,38,5,6,27,26,75,-49,21,RELEGATION,降格,2020-05-19
premier-league,2018-19,1,manchester-city,38,32,2,4,95,23,72,98,UCL,CL出場,2019-05-19
premier-league,2018-19,2,liverpool,38,30,7,1,89,22,67,97,UCL,CL出場,2019-05-19
premier-league,2018-19,3,chelsea,38,21,9,8,63,39,24,72,UCL,CL出場,2019-05-19
premier-league,2018-19,4,tottenham-hotspur,38,23,2,13,67,39,28,71,UCL,CL出場,2019-05-19
premier-league,2018-19,5,arsenal,38,21,7,10,73,51,22,70,UEL,EL出場,2019-05-19
premier-league,2018-19,6,manchester-united,38,19,9,10,65,54,11,66,UEL,EL出場,2019-05-19
premier-league,2018-19,7,wolves,38,16,9,13,47,46,1,57,UEL,EL出場,2019-05-19
premier-league,2018-19,8,everton,38,15,9,14,54,46,8,54,NONE,,2019-05-19
premier-league,2018-19,9,leicester-city,38,15,7,16,51,48,3,52,NONE,,2019-05-19
premier-league,2018-19,10,west-ham-united,38,15,7,16,52,55,-3,52,NONE,,2019-05-19
premier-league,2018-19,11,watford,38,14,8,16,52,59,-7,50,NONE,,2019-05-19
premier-league,2018-19,12,crystal-palace,38,14,7,17,51,53,-2,49,NONE,,2019-05-19
premier-league,2018-19,13,newcastle-united,38,12,9,17,42,48,-6,45,NONE,,2019-05-19
premier-league,2018-19,14,bournemouth,38,13,6,19,56,70,-14,45,NONE,,2019-05-19
premier-league,2018-19,15,burnley,38,11,7,20,45,68,-23,40,NONE,,2019-05-19
premier-league,2018-19,16,southampton,38,9,12,17,45,65,-20,39,NONE,,2019-05-19
premier-league,2018-19,17,brighton,38,9,9,20,35,60,-25,36,NONE,,2019-05-19
premier-league,2018-19,18,cardiff-city,38,10,4,24,34,69,-35,34,RELEGATION,降格,2019-05-19
premier-league,2018-19,19,fulham,38,7,5,26,34,81,-47,26,RELEGATION,降格,2019-05-19
premier-league,2018-19,20,huddersfield,38,3,7,28,22,76,-54,16,RELEGATION,降格,2019-05-19
premier-league,2017-18,1,manchester-city,38,32,4,2,106,27,79,100,UCL,CL出場,2018-05-15
premier-league,2017-18,2,manchester-united,38,25,6,7,68,28,40,81,UCL,CL出場,2018-05-15
premier-league,2017-18,3,tottenham-hotspur,38,23,8,7,74,36,38,77,UCL,CL出場,2018-05-15
premier-league,2017-18,4,liverpool,38,21,12,5,84,38,46,75,UCL,CL出場,2018-05-15
premier-league,2017-18,5,chelsea,38,21,7,10,62,38,24,70,UEL,EL出場,2018-05-15
premier-league,2017-18,6,arsenal,38,19,6,13,74,51,23,63,UEL,EL出場,2018-05-15
premier-league,2017-18,7,burnley,38,14,12,12,36,39,-3,54,UEL,EL予選,2018-05-15
premier-league,2017-18,8,everton,38,14,10,14,44,58,-14,52,NONE,,2018-05-15
premier-league,2017-18,9,leicester-city,38,12,11,15,56,60,-4,47,NONE,,2018-05-15
premier-league,2017-18,10,newcastle-united,38,12,8,18,39,47,-8,44,NONE,,2018-05-15
premier-league,2017-18,11,crystal-palace,38,11,11,16,45,55,-10,44,NONE,,2018-05-15
premier-league,2017-18,12,bournemouth,38,11,11,16,45,61,-16,44,NONE,,2018-05-15
premier-league,2017-18,13,west-ham-united,38,10,12,16,48,68,-20,42,NONE,,2018-05-15
premier-league,2017-18,14,watford,38,11,8,19,44,64,-20,41,NONE,,2018-05-15
premier-league,2017-18,15,brighton,38,9,13,16,34,54,-20,40,NONE,,2018-05-15
premier-league,2017-18,16,huddersfield,38,9,10,19,28,58,-30,37,NONE,,2018-05-15
premier-league,2017-18,17,southampton,38,7,15,16,37,56,-19,36,NONE,,2018-05-15
premier-league,2017-18,18,swansea-city,38,8,9,21,28,56,-28,33,RELEGATION,降格,2018-05-15
premier-league,2017-18,19,stoke-city,38,7,12,19,35,68,-33,33,RELEGATION,降格,2018-05-15
premier-league,2017-18,20,west-bromwich-albion,38,6,13,19,31,56,-25,31,RELEGATION,降格,2018-05-15
premier-league,2016-17,1,chelsea,38,30,3,5,85,33,52,93,UCL,優勝,2017-05-23
premier-league,2016-17,2,tottenham-hotspur,38,26,8,4,86,26,60,86,UCL,CL出場,2017-05-23
premier-league,2016-17,3,manchester-city,38,23,9,6,80,39,41,78,UCL,CL出場,2017-05-23
premier-league,2016-17,4,liverpool,38,22,10,6,78,42,36,76,UCL,CL出場,2017-05-23
premier-league,2016-17,5,arsenal,38,23,6,9,77,44,33,75,UEL,EL出場,2017-05-23
premier-league,2016-17,6,manchester-united,38,18,15,5,54,29,25,69,UCL,CL出場（EL優勝）,2017-05-23
premier-league,2016-17,7,everton,38,17,10,11,62,44,18,61,UEL,EL予選,2017-05-23
premier-league,2016-17,8,southampton,38,12,10,16,41,48,-7,46,NONE,,2017-05-23
premier-league,2016-17,9,bournemouth,38,12,10,16,55,67,-12,46,NONE,,2017-05-23
premier-league,2016-17,10,west-bromwich-albion,38,12,9,17,43,51,-8,45,NONE,,2017-05-23
premier-league,2016-17,11,west-ham-united,38,12,9,17,47,64,-17,45,NONE,,2017-05-23
premier-league,2016-17,12,leicester-city,38,12,8,18,48,63,-15,44,NONE,,2017-05-23
premier-league,2016-17,13,stoke-city,38,11,11,16,41,56,-15,44,NONE,,2017-05-23
premier-league,2016-17,14,crystal-palace,38,12,5,21,50,63,-13,41,NONE,,2017-05-23
premier-league,2016-17,15,swansea-city,38,12,5,21,45,70,-25,41,NONE,,2017-05-23
premier-league,2016-17,16,burnley,38,11,7,20,39,55,-16,40,NONE,,2017-05-23
premier-league,2016-17,17,watford,38,11,7,20,40,68,-28,40,NONE,,2017-05-23
premier-league,2016-17,18,hull-city,38,9,7,22,37,80,-43,34,RELEGATION,降格,2017-05-23
premier-league,2016-17,19,middlesbrough,38,5,13,20,27,53,-26,28,RELEGATION,降格,2017-05-23
premier-league,2016-17,20,sunderland,38,6,6,26,29,69,-40,24,RELEGATION,降格,2017-05-23
premier-league,2015-16,1,leicester-city,38,23,12,3,68,36,32,81,UCL,CL出場,2016-05-19
premier-league,2015-16,2,arsenal,38,20,11,7,65,36,29,71,UCL,CL出場,2016-05-19
premier-league,2015-16,3,tottenham-hotspur,38,19,13,6,69,35,34,70,UCL,CL出場,2016-05-19
premier-league,2015-16,4,manchester-city,38,19,9,10,71,41,30,66,UCL,CL出場,2016-05-19
premier-league,2015-16,5,manchester-united,38,19,9,10,49,35,14,66,UEL,EL出場,2016-05-19
premier-league,2015-16,6,southampton,38,18,9,11,59,41,18,63,UEL,EL出場,2016-05-19
premier-league,2015-16,7,west-ham-united,38,16,14,8,65,51,14,62,UEL,EL予選,2016-05-19
premier-league,2015-16,8,liverpool,38,16,12,10,63,50,13,60,NONE,,2016-05-19
premier-league,2015-16,9,stoke-city,38,14,9,15,41,55,-14,51,NONE,,2016-05-19
premier-league,2015-16,10,chelsea,38,12,14,12,59,53,6,50,NONE,,2016-05-19
premier-league,2015-16,11,everton,38,11,14,13,59,55,4,47,NONE,,2016-05-19
premier-league,2015-16,12,swansea-city,38,12,11,15,42,52,-10,47,NONE,,2016-05-19
premier-league,2015-16,13,watford,38,12,9,17,40,50,-10,45,NONE,,2016-05-19
premier-league,2015-16,14,west-bromwich-albion,38,10,13,15,34,48,-14,43,NONE,,2016-05-19
premier-league,2015-16,15,crystal-palace,38,11,9,18,39,51,-12,42,NONE,,2016-05-19
premier-league,2015-16,16,bournemouth,38,11,9,18,45,67,-22,42,NONE,,2016-05-19
premier-league,2015-16,17,sunderland,38,9,12,17,48,62,-14,39,NONE,,2016-05-19
premier-league,2015-16,18,newcastle-united,38,9,10,19,44,65,-21,37,RELEGATION,降格,2016-05-19
premier-league,2015-16,19,norwich-city,38,9,7,22,39,67,-28,34,RELEGATION,降格,2016-05-19
premier-league,2015-16,20,aston-villa,38,3,8,27,27,76,-49,17,RELEGATION,降格,2016-05-19
bundesliga,2019-20,1,bayern-munich,34,26,4,4,100,32,68,82,UCL,CL出場,2020-07-06
bundesliga,2019-20,2,borussia-dortmund,34,21,6,7,84,41,43,69,UCL,CL出場,2020-07-06
bundesliga,2019-20,3,rb-leipzig,34,18,12,4,81,37,44,66,UCL,CL出場,2020-07-06
bundesliga,2019-20,4,borussia-monchengladbach,34,20,5,9,66,40,26,65,UCL,CL出場,2020-07-06
bundesliga,2019-20,5,bayer-leverkusen,34,19,6,9,61,44,17,63,UEL,EL出場,2020-07-06
bundesliga,2019-20,6,hoffenheim,34,15,7,12,53,53,0,52,UEL,EL出場,2020-07-06
bundesliga,2019-20,7,wolfsburg,34,13,10,11,48,46,2,49,UEL,EL予選,2020-07-06
bundesliga,2019-20,8,freiburg,34,13,9,12,38,47,-9,48,NONE,,2020-07-06
bundesliga,2019-20,9,eintracht-frankfurt,34,13,6,15,59,60,-1,45,NONE,,2020-07-06
bundesliga,2019-20,10,hertha-berlin,34,11,8,15,48,59,-11,41,NONE,,2020-07-06
bundesliga,2019-20,11,union-berlin,34,12,5,17,41,58,-17,41,NONE,,2020-07-06
bundesliga,2019-20,12,schalke,34,9,12,13,38,58,-20,39,NONE,,2020-07-06
bundesliga,2019-20,13,mainz,34,11,4,19,44,65,-21,37,NONE,,2020-07-06
bundesliga,2019-20,14,koln,34,10,6,18,51,69,-18,36,NONE,,2020-07-06
bundesliga,2019-20,15,augsburg,34,9,9,16,45,63,-18,36,NONE,,2020-07-06
bundesliga,2019-20,16,werder-bremen,34,8,7,19,44,69,-25,31,PLAYOFF,入替戦,2020-07-06
bundesliga,2019-20,17,fortuna-dusseldorf,34,6,12,16,36,67,-31,30,RELEGATION,降格,2020-07-06
bundesliga,2019-20,18,paderborn,34,4,8,22,37,74,-37,20,RELEGATION,降格,2020-07-06
bundesliga,2018-19,1,bayern-munich,34,24,6,4,88,32,56,78,UCL,CL出場,2019-05-29
bundesliga,2018-19,2,borussia-dortmund,34,23,7,4,81,44,37,76,UCL,CL出場,2019-05-29
bundesliga,2018-19,3,rb-leipzig,34,19,9,6,63,29,34,66,UCL,CL出場,2019-05-29
bundesliga,2018-19,4,bayer-leverkusen,34,18,4,12,69,52,17,58,UCL,CL出場,2019-05-29
bundesliga,2018-19,5,borussia-monchengladbach,34,16,7,11,55,42,13,55,UEL,EL出場,2019-05-29
bundesliga,2018-19,6,wolfsburg,34,16,7,11,62,50,12,55,UEL,EL出場,2019-05-29
bundesliga,2018-19,7,eintracht-frankfurt,34,15,9,10,60,48,12,54,UEL,EL予選,2019-05-29
bundesliga,2018-19,8,werder-bremen,34,14,11,9,58,49,9,53,NONE,,2019-05-29
bundesliga,2018-19,9,hoffenheim,34,13,12,9,70,52,18,51,NONE,,2019-05-29
bundesliga,2018-19,10,fortuna-dusseldorf,34,13,5,16,49,65,-16,44,NONE,,2019-05-29
bundesliga,2018-19,11,hertha-berlin,34,11,10,13,49,57,-8,43,NONE,,2019-05-29
bundesliga,2018-19,12,mainz,34,12,7,15,46,57,-11,43,NONE,,2019-05-29
bundesliga,2018-19,13,freiburg,34,8,12,14,46,61,-15,36,NONE,,2019-05-29
bundesliga,2018-19,14,schalke,34,8,9,17,37,55,-18,33,NONE,,2019-05-29
bundesliga,2018-19,15,augsburg,34,8,8,18,51,71,-20,32,NONE,,2019-05-29
bundesliga,2018-19,16,stuttgart,34,7,7,20,32,70,-38,28,PLAYOFF,入替戦,2019-05-29
bundesliga,2018-19,17,hannover,34,5,6,23,31,71,-40,21,RELEGATION,降格,2019-05-29
bundesliga,2018-19,18,nurnberg,34,3,10,21,26,68,-42,19,RELEGATION,降格,2019-05-29
bundesliga,2017-18,1,bayern-munich,34,27,3,4,92,28,64,84,UCL,優勝,2018-05-23
bundesliga,2017-18,2,schalke,34,18,9,7,53,37,16,63,UCL,CL出場,2018-05-23
bundesliga,2017-18,3,hoffenheim,34,15,10,9,66,48,18,55,UCL,CL出場,2018-05-23
bundesliga,2017-18,4,borussia-dortmund,34,15,10,9,64,47,17,55,UCL,CL出場,2018-05-23
bundesliga,2017-18,5,bayer-leverkusen,34,15,10,9,58,44,14,55,UEL,EL出場,2018-05-23
bundesliga,2017-18,6,rb-leipzig,34,15,8,11,57,53,4,53,UEL,EL予選,2018-05-23
bundesliga,2017-18,7,stuttgart,34,15,6,13,36,36,0,51,NONE,,2018-05-23
bundesliga,2017-18,8,eintracht-frankfurt,34,14,7,13,45,45,0,49,UEL,EL出場（Dfbポカール優勝）,2018-05-23
bundesliga,2017-18,9,borussia-monchengladbach,34,13,8,13,47,52,-5,47,NONE,,2018-05-23
bundesliga,2017-18,10,hertha-berlin,34,10,13,11,43,46,-3,43,NONE,,2018-05-23
bundesliga,2017-18,11,werder-bremen,34,10,12,12,37,40,-3,42,NONE,,2018-05-23
bundesliga,2017-18,12,augsburg,34,10,11,13,43,46,-3,41,NONE,,2018-05-23
bundesliga,2017-18,13,hannover,34,10,9,15,44,54,-10,39,NONE,,2018-05-23
bundesliga,2017-18,14,mainz,34,9,9,16,38,52,-14,36,NONE,,2018-05-23
bundesliga,2017-18,15,freiburg,34,8,12,14,32,56,-24,36,NONE,,2018-05-23
bundesliga,2017-18,16,wolfsburg,34,6,15,13,36,48,-12,33,PLAYOFF,入替戦,2018-05-23
bundesliga,2017-18,17,hamburg,34,8,7,19,29,53,-24,31,RELEGATION,降格,2018-05-23
bundesliga,2017-18,18,koln,34,5,7,22,35,70,-35,22,RELEGATION,降格,2018-05-23
bundesliga,2016-17,1,bayern-munich,34,25,7,2,89,22,67,82,UCL,CL出場,2017-05-29
bundesliga,2016-17,2,rb-leipzig,34,20,7,7,66,39,27,67,UCL,CL出場,2017-05-29
bundesliga,2016-17,3,borussia-dortmund,34,18,10,6,72,40,32,64,UCL,CL出場,2017-05-29
bundesliga,2016-17,4,hoffenheim,34,16,14,4,64,37,27,62,UCL,CL出場,2017-05-29
bundesliga,2016-17,5,koln,34,12,13,9,51,42,9,49,UEL,EL出場,2017-05-29
bundesliga,2016-17,6,hertha-berlin,34,15,4,15,43,47,-4,49,UEL,EL出場,2017-05-29
bundesliga,2016-17,7,freiburg,34,14,6,14,42,60,-18,48,UEL,EL予選,2017-05-29
bundesliga,2016-17,8,werder-bremen,34,13,6,15,61,64,-3,45,NONE,,2017-05-29
bundesliga,2016-17,9,borussia-monchengladbach,34,12,9,13,45,49,-4,45,NONE,,2017-05-29
bundesliga,2016-17,10,schalke,34,11,10,13,45,40,5,43,NONE,,2017-05-29
bundesliga,2016-17,11,eintracht-frankfurt,34,11,9,14,36,43,-7,42,NONE,,2017-05-29
bundesliga,2016-17,12,bayer-leverkusen,34,11,8,15,52,55,-3,41,NONE,,2017-05-29
bundesliga,2016-17,13,augsburg,34,9,11,14,35,51,-16,38,NONE,,2017-05-29
bundesliga,2016-17,14,hamburg,34,10,8,16,33,61,-28,38,NONE,,2017-05-29
bundesliga,2016-17,15,mainz,34,10,7,17,44,55,-11,37,NONE,,2017-05-29
bundesliga,2016-17,16,wolfsburg,34,10,7,17,34,52,-18,37,PLAYOFF,入替戦,2017-05-29
bundesliga,2016-17,17,ingolstadt,34,8,8,18,36,57,-21,32,RELEGATION,降格,2017-05-29
bundesliga,2016-17,18,darmstadt,34,7,4,23,28,63,-35,25,RELEGATION,降格,2017-05-29
bundesliga,2015-16,1,bayern-munich,34,28,4,2,80,17,63,88,UCL,CL出場,2016-05-16
bundesliga,2015-16,2,borussia-dortmund,34,24,6,4,82,34,48,78,UCL,CL出場,2016-05-16
bundesliga,2015-16,3,bayer-leverkusen,34,18,6,10,56,40,16,60,UCL,CL出場,2016-05-16
bundesliga,2015-16,4,borussia-monchengladbach,34,17,4,13,67,50,17,55,UCL,CL出場,2016-05-16
bundesliga,2015-16,5,schalke,34,15,7,12,51,49,2,52,UEL,EL出場,2016-05-16
bundesliga,2015-16,6,mainz,34,14,8,12,46,42,4,50,UEL,EL出場,2016-05-16
bundesliga,2015-16,7,hertha-berlin,34,14,8,12,42,42,0,50,UEL,EL予選,2016-05-16
bundesliga,2015-16,8,wolfsburg,34,12,9,13,47,49,-2,45,NONE,,2016-05-16
bundesliga,2015-16,9,koln,34,10,13,11,38,42,-4,43,NONE,,2016-05-16
bundesliga,2015-16,10,hamburg,34,11,8,15,40,46,-6,41,NONE,,2016-05-16
bundesliga,2015-16,11,ingolstadt,34,10,10,14,33,42,-9,40,NONE,,2016-05-16
bundesliga,2015-16,12,augsburg,34,9,11,14,42,52,-10,38,NONE,,2016-05-16
bundesliga,2015-16,13,werder-bremen,34,10,8,16,50,65,-15,38,NONE,,2016-05-16
bundesliga,2015-16,14,darmstadt,34,9,11,14,38,53,-15,38,NONE,,2016-05-16
bundesliga,2015-16,15,hoffenheim,34,9,10,15,39,54,-15,37,NONE,,2016-05-16
bundesliga,2015-16,16,eintracht-frankfurt,34,9,9,16,34,52,-18,36,PLAYOFF,入替戦,2016-05-16
bundesliga,2015-16,17,stuttgart,34,9,6,19,50,75,-25,33,RELEGATION,降格,2016-05-16
bundesliga,2015-16,18,hannover,34,7,4,23,31,62,-31,25,RELEGATION,降格,2016-05-16
serie-a,2019-20,1,juventus,38,26,5,7,76,43,33,83,UCL,CL出場,2020-08-04
serie-a,2019-20,2,inter,38,24,10,4,81,36,45,82,UCL,CL出場,2020-08-04
serie-a,2019-20,3,atalanta,38,23,9,6,98,48,50,78,UCL,CL出場,2020-08-04
serie-a,2019-20,4,lazio,38,24,6,8,79,42,37,78,UCL,CL出場,2020-08-04
serie-a,2019-20,5,roma,38,21,7,10,77,51,26,70,UEL,EL出場,2020-08-04
serie-a,2019-20,6,milan,38,19,9,10,63,46,17,66,UEL,EL予選,2020-08-04
serie-a,2019-20,7,napoli,38,18,8,12,61,50,11,62,UEL,EL出場,2020-08-04
serie-a,2019-20,8,sassuolo,38,14,9,15,69,63,6,51,NONE,,2020-08-04
serie-a,2019-20,9,hellas-verona,38,12,13,13,47,51,-4,49,NONE,,2020-08-04
serie-a,2019-20,10,fiorentina,38,12,13,13,51,48,3,49,NONE,,2020-08-04
serie-a,2019-20,11,parma,38,14,7,17,56,57,-1,49,NONE,,2020-08-04
serie-a,2019-20,12,bologna,38,12,11,15,52,65,-13,47,NONE,,2020-08-04
serie-a,2019-20,13,udinese,38,12,9,17,37,51,-14,45,NONE,,2020-08-04
serie-a,2019-20,14,cagliari,38,11,12,15,52,56,-4,45,NONE,,2020-08-04
serie-a,2019-20,15,sampdoria,38,12,6,20,48,65,-17,42,NONE,,2020-08-04
serie-a,2019-20,16,torino,38,11,7,20,46,68,-22,40,NONE,,2020-08-04
serie-a,2019-20,17,genoa,38,10,9,19,47,73,-26,39,NONE,,2020-08-04
serie-a,2019-20,18,lecce,38,9,8,21,52,85,-33,35,RELEGATION,降格,2020-08-04
serie-a,2019-20,19,brescia,38,6,7,25,35,79,-44,25,RELEGATION,降格,2020-08-04
serie-a,2019-20,20,spal,38,5,5,28,27,77,-50,20,RELEGATION,降格,2020-08-04
serie-a,2018-19,1,juventus,38,28,6,4,70,30,40,90,UCL,CL出場,2019-05-28
serie-a,2018-19,2,napoli,38,24,7,7,74,36,38,79,UCL,CL出場,2019-05-28
serie-a,2018-19,3,atalanta,38,20,9,9,77,46,31,69,UCL,CL出場,2019-05-28
serie-a,2018-19,4,inter,38,20,9,9,57,33,24,69,UCL,CL出場,2019-05-28
serie-a,2018-19,5,milan,38,19,11,8,55,35,20,68,FFP,,2019-05-28
serie-a,2018-19,6,roma,38,18,12,8,66,48,18,66,UEL,EL出場,2019-05-28
serie-a,2018-19,7,torino,38,16,15,7,52,37,15,63,UEL,EL予選,2019-05-28
serie-a,2018-19,8,lazio,38,17,8,13,56,46,10,59,UEL,EL出場,2019-05-28
serie-a,2018-19,9,sampdoria,38,15,8,15,60,51,9,53,NONE,,2019-05-28
serie-a,2018-19,10,bologna,38,11,11,16,48,56,-8,44,NONE,,2019-05-28
serie-a,2018-19,11,sassuolo,38,9,16,13,53,60,-7,43,NONE,,2019-05-28
serie-a,2018-19,12,udinese,38,11,10,17,39,53,-14,43,NONE,,2019-05-28
serie-a,2018-19,13,spal,38,11,9,18,44,56,-12,42,NONE,,2019-05-28
serie-a,2018-19,14,parma,38,10,11,17,41,61,-20,41,NONE,,2019-05-28
serie-a,2018-19,15,cagliari,38,10,11,17,36,54,-18,41,NONE,,2019-05-28
serie-a,2018-19,16,fiorentina,38,8,17,13,47,45,2,41,NONE,,2019-05-28
serie-a,2018-19,17,genoa,38,8,14,16,39,57,-18,38,NONE,,2019-05-28
serie-a,2018-19,18,empoli,38,10,8,20,51,70,-19,38,RELEGATION,降格,2019-05-28
serie-a,2018-19,19,frosinone,38,5,10,23,29,69,-40,25,RELEGATION,降格,2019-05-28
serie-a,2018-19,20,chievo,38,2,14,22,25,75,-50,17,RELEGATION,降格,2019-05-28
serie-a,2017-18,1,juventus,38,30,5,3,86,24,62,95,UCL,CL出場,2018-05-22
serie-a,2017-18,2,napoli,38,28,7,3,77,29,48,91,UCL,CL出場,2018-05-22
serie-a,2017-18,3,roma,38,23,8,7,61,28,33,77,UCL,CL出場,2018-05-22
serie-a,2017-18,4,inter,38,20,12,6,66,30,36,72,UCL,CL出場,2018-05-22
serie-a,2017-18,5,lazio,38,21,9,8,89,49,40,72,UEL,EL出場,2018-05-22
serie-a,2017-18,6,milan,38,18,10,10,56,42,14,64,UEL,EL出場,2018-05-22
serie-a,2017-18,7,atalanta,38,16,12,10,57,39,18,60,UEL,EL予選,2018-05-22
serie-a,2017-18,8,fiorentina,38,16,9,13,54,46,8,57,NONE,,2018-05-22
serie-a,2017-18,9,torino,38,13,15,10,54,46,8,54,NONE,,2018-05-22
serie-a,2017-18,10,sampdoria,38,16,6,16,56,60,-4,54,NONE,,2018-05-22
serie-a,2017-18,11,sassuolo,38,11,10,17,29,59,-30,43,NONE,,2018-05-22
serie-a,2017-18,12,genoa,38,11,8,19,33,43,-10,41,NONE,,2018-05-22
serie-a,2017-18,13,chievo,38,10,10,18,36,59,-23,40,NONE,,2018-05-22
serie-a,2017-18,14,udinese,38,12,4,22,48,63,-15,40,NONE,,2018-05-22
serie-a,2017-18,15,bologna,38,11,6,21,40,52,-12,39,NONE,,2018-05-22
serie-a,2017-18,16,cagliari,38,11,6,21,33,61,-28,39,NONE,,2018-05-22
serie-a,2017-18,17,spal,38,8,14,16,39,59,-20,38,NONE,,2018-05-22
serie-a,2017-18,18,crotone,38,9,8,21,40,66,-26,35,RELEGATION,降格,2018-05-22
serie-a,2017-18,19,hellas-verona,38,7,4,27,30,78,-48,25,RELEGATION,降格,2018-05-22
serie-a,2017-18,20,benevento,38,6,3,29,33,84,-51,21,RELEGATION,降格,2018-05-22
serie-a,2016-17,1,juventus,38,29,4,5,77,27,50,91,UCL,CL出場,2017-05-30
serie-a,2016-17,2,roma,38,28,3,7,90,38,52,87,UCL,CL出場,2017-05-30
serie-a,2016-17,3,napoli,38,26,8,4,94,39,55,86,UCL,CL予選,2017-05-30
serie-a,2016-17,4,atalanta,38,21,9,8,62,41,21,72,UEL,EL出場,2017-05-30
serie-a,2016-17,5,lazio,38,21,7,10,74,51,23,70,UEL,EL出場,2017-05-30
serie-a,2016-17,6,milan,38,18,9,11,57,45,12,63,UEL,EL予選,2017-05-30
serie-a,2016-17,7,inter,38,19,5,14,72,49,23,62,NONE,,2017-05-30
serie-a,2016-17,8,fiorentina,38,16,12,10,63,57,6,60,NONE,,2017-05-30
serie-a,2016-17,9,torino,38,13,14,11,71,66,5,53,NONE,,2017-05-30
serie-a,2016-17,10,sampdoria,38,12,12,14,49,55,-6,48,NONE,,2017-05-30
serie-a,2016-17,11,cagliari,38,14,5,19,55,76,-21,47,NONE,,2017-05-30
serie-a,2016-17,12,sassuolo,38,13,7,18,58,63,-5,46,NONE,,2017-05-30
serie-a,2016-17,13,udinese,38,12,9,17,47,56,-9,45,NONE,,2017-05-30
serie-a,2016-17,14,chievo,38,12,7,19,43,61,-18,43,NONE,,2017-05-30
serie-a,2016-17,15,bologna,38,11,8,19,40,58,-18,41,NONE,,2017-05-30
serie-a,2016-17,16,genoa,38,9,9,20,38,64,-26,36,NONE,,2017-05-30
serie-a,2016-17,17,crotone,38,9,7,22,34,58,-24,34,NONE,,2017-05-30
serie-a,2016-17,18,empoli,38,8,8,22,29,61,-32,32,RELEGATION,降格,2017-05-30
serie-a,2016-17,19,palermo,38,6,8,24,33,77,-44,26,RELEGATION,降格,2017-05-30
serie-a,2016-17,20,pescara,38,3,9,26,37,81,-44,18,RELEGATION,降格,2017-05-30
serie-a,2015-16,1,juventus,38,29,4,5,75,20,55,91,UCL,CL出場,2016-05-17
serie-a,2015-16,2,napoli,38,25,7,6,80,32,48,82,UCL,CL出場,2016-05-17
serie-a,2015-16,3,roma,38,23,11,4,83,41,42,80,UCL,CL予選,2016-05-17
serie-a,2015-16,4,inter,38,20,7,11,50,38,12,67,UEL,EL出場,2016-05-17
serie-a,2015-16,5,fiorentina,38,18,10,10,60,42,18,64,UEL,EL出場,2016-05-17
serie-a,2015-16,6,sassuolo,38,16,13,9,49,40,9,61,UEL,EL予選,2016-05-17
serie-a,2015-16,7,milan,38,15,12,11,49,43,6,57,NONE,,2016-05-17
serie-a,2015-16,8,lazio,38,15,9,14,52,52,0,54,NONE,,2016-05-17
serie-a,2015-16,9,chievo,38,13,11,14,43,45,-2,50,NONE,,2016-05-17
serie-a,2015-16,10,empoli,38,12,10,16,40,49,-9,46,NONE,,2016-05-17
serie-a,2015-16,11,genoa,38,13,7,18,45,48,-3,46,NONE,,2016-05-17
serie-a,2015-16,12,torino,38,12,9,17,52,55,-3,45,NONE,,2016-05-17
serie-a,2015-16,13,atalanta,38,11,12,15,41,47,-6,45,NONE,,2016-05-17
serie-a,2015-16,14,bologna,38,11,9,18,33,45,-12,42,NONE,,2016-05-17
serie-a,2015-16,15,sampdoria,38,10,10,18,48,61,-13,40,NONE,,2016-05-17
serie-a,2015-16,16,palermo,38,10,9,19,38,65,-27,39,NONE,,2016-05-17
serie-a,2015-16,17,udinese,38,10,9,19,35,60,-25,39,NONE,,2016-05-17
serie-a,2015-16,18,carpi,38,9,11,18,37,57,-20,38,RELEGATION,降格,2016-05-17
serie-a,2015-16,19,frosinone,38,8,7,23,36,78,-42,31,RELEGATION,降格,2016-05-17
serie-a,2015-16,20,hellas-verona,38,5,13,20,34,63,-29,28,RELEGATION,降格,2016-05-17
premier-league,2025-26,1,arsenal,32,21,7,4,62,24,38,70,NONE,,2026-04-17
premier-league,2025-26,2,manchester-city,31,19,7,5,63,28,35,64,NONE,,2026-04-17
premier-league,2025-26,3,manchester-united,32,15,10,7,57,45,12,55,NONE,,2026-04-17
premier-league,2025-26,4,aston-villa,32,16,7,9,43,38,5,55,NONE,,2026-04-17
premier-league,2025-26,5,liverpool,32,15,7,10,52,42,10,52,NONE,,2026-04-17
premier-league,2025-26,6,chelsea,32,13,9,10,53,41,12,48,NONE,,2026-04-17
premier-league,2025-26,7,brentford,32,13,8,11,48,44,4,47,NONE,,2026-04-17
premier-league,2025-26,8,everton,32,13,8,11,39,37,2,47,NONE,,2026-04-17
premier-league,2025-26,9,brighton,32,12,10,10,43,37,6,46,NONE,,2026-04-17
premier-league,2025-26,10,sunderland,32,12,10,10,33,36,-3,46,NONE,,2026-04-17
premier-league,2025-26,11,bournemouth,32,10,15,7,48,49,-1,45,NONE,,2026-04-17
premier-league,2025-26,12,fulham,32,13,5,14,43,46,-3,44,NONE,,2026-04-17
premier-league,2025-26,13,crystal-palace,31,11,9,11,35,36,-1,42,NONE,,2026-04-17
premier-league,2025-26,14,newcastle-united,32,12,6,14,45,47,-2,42,NONE,,2026-04-17
premier-league,2025-26,15,leeds-united,32,8,12,12,39,49,-10,36,NONE,,2026-04-17
premier-league,2025-26,16,nottingham-forest,32,8,9,15,32,44,-12,33,NONE,,2026-04-17
premier-league,2025-26,17,west-ham-united,32,8,8,16,40,57,-17,32,NONE,,2026-04-17
premier-league,2025-26,18,tottenham-hotspur,32,7,9,16,40,51,-11,30,NONE,,2026-04-17
premier-league,2025-26,19,burnley,32,4,8,20,33,63,-30,20,NONE,,2026-04-17
premier-league,2025-26,20,wolves,32,3,8,21,24,58,-34,17,NONE,,2026-04-17
laliga,2025-26,1,barcelona,31,26,1,4,84,30,54,79,NONE,,2026-04-17
laliga,2025-26,2,real-madrid,31,22,4,5,65,29,36,70,NONE,,2026-04-17
laliga,2025-26,3,villarreal,31,19,4,8,56,36,20,61,NONE,,2026-04-17
laliga,2025-26,4,atletico-madrid,31,17,6,8,51,32,19,57,NONE,,2026-04-17
laliga,2025-26,5,real-betis,31,11,13,7,45,38,7,46,NONE,,2026-04-17
laliga,2025-26,6,celta-vigo,31,11,11,9,44,40,4,44,NONE,,2026-04-17
laliga,2025-26,7,real-sociedad,31,11,9,11,49,48,1,42,NONE,,2026-04-17
laliga,2025-26,8,getafe,31,12,5,14,27,32,-5,41,NONE,,2026-04-17
laliga,2025-26,9,osasuna,31,10,9,12,37,38,-1,39,NONE,,2026-04-17
laliga,2025-26,10,espanyol,31,10,8,13,37,48,-11,38,NONE,,2026-04-17
laliga,2025-26,11,girona,31,9,11,11,33,45,-12,38,NONE,,2026-04-17
laliga,2025-26,12,athletic-bilbao,31,11,5,15,33,45,-12,38,NONE,,2026-04-17
laliga,2025-26,13,rayo-vallecano,31,8,11,12,29,38,-9,35,NONE,,2026-04-17
laliga,2025-26,14,valencia,31,9,8,14,34,46,-12,35,NONE,,2026-04-17
laliga,2025-26,15,mallorca,31,9,7,15,39,48,-9,34,NONE,,2026-04-17
laliga,2025-26,16,sevilla,31,9,7,15,39,51,-12,34,NONE,,2026-04-17
laliga,2025-26,17,alaves,31,8,9,14,35,46,-11,33,NONE,,2026-04-17
laliga,2025-26,18,elche,31,7,11,13,39,47,-8,32,NONE,,2026-04-17
laliga,2025-26,19,levante,31,7,8,16,35,50,-15,29,NONE,,2026-04-17
laliga,2025-26,20,real-oviedo,31,6,9,16,24,48,-24,27,NONE,,2026-04-17
serie-a,2025-26,1,inter,32,24,3,5,75,29,46,75,NONE,,2026-04-17
serie-a,2025-26,2,napoli,32,20,6,6,48,31,17,66,NONE,,2026-04-17
serie-a,2025-26,3,milan,32,18,9,5,47,27,20,63,NONE,,2026-04-17
serie-a,2025-26,4,juventus,32,17,9,6,55,29,26,60,NONE,,2026-04-17
serie-a,2025-26,5,como,32,16,10,6,56,26,30,58,NONE,,2026-04-17
serie-a,2025-26,6,roma,32,18,3,11,45,28,17,57,NONE,,2026-04-17
serie-a,2025-26,7,atalanta,32,14,11,7,44,28,16,53,NONE,,2026-04-17
serie-a,2025-26,8,bologna,32,14,6,12,42,37,5,48,NONE,,2026-04-17
serie-a,2025-26,9,lazio,32,11,11,10,32,30,2,44,NONE,,2026-04-17
serie-a,2025-26,10,udinese,32,12,7,13,38,42,-4,43,NONE,,2026-04-17
serie-a,2025-26,11,sassuolo,32,12,6,14,39,43,-4,42,NONE,,2026-04-17
serie-a,2025-26,12,torino,32,11,6,15,37,54,-17,39,NONE,,2026-04-17
serie-a,2025-26,13,genoa,32,9,9,14,38,45,-7,36,NONE,,2026-04-17
serie-a,2025-26,14,parma,32,8,12,12,23,40,-17,36,NONE,,2026-04-17
serie-a,2025-26,15,fiorentina,32,8,11,13,37,44,-7,35,NONE,,2026-04-17
serie-a,2025-26,16,cagliari,32,8,9,15,33,44,-11,33,NONE,,2026-04-17
serie-a,2025-26,17,cremonese,32,6,9,17,26,47,-21,27,NONE,,2026-04-17
serie-a,2025-26,18,lecce,32,7,6,19,21,45,-24,27,NONE,,2026-04-17
serie-a,2025-26,19,hellas-verona,32,3,9,20,23,55,-32,18,NONE,,2026-04-17
serie-a,2025-26,20,pisa,32,2,12,18,23,58,-35,18,NONE,,2026-04-17
bundesliga,2025-26,1,bayern-munich,29,24,4,1,105,27,78,76,NONE,,2026-04-17
bundesliga,2025-26,2,borussia-dortmund,29,19,7,3,60,29,31,64,NONE,,2026-04-17
bundesliga,2025-26,3,stuttgart,29,17,5,7,60,38,22,56,NONE,,2026-04-17
bundesliga,2025-26,4,rb-leipzig,29,17,5,7,56,36,20,56,NONE,,2026-04-17
bundesliga,2025-26,5,bayer-leverkusen,29,15,7,7,59,39,20,52,NONE,,2026-04-17
bundesliga,2025-26,6,hoffenheim,29,15,6,8,57,43,14,51,NONE,,2026-04-17
bundesliga,2025-26,7,eintracht-frankfurt,29,11,9,9,54,54,0,42,NONE,,2026-04-17
bundesliga,2025-26,8,freiburg,29,11,7,11,42,47,-5,40,NONE,,2026-04-17
bundesliga,2025-26,9,mainz,29,8,9,12,35,44,-9,33,NONE,,2026-04-17
bundesliga,2025-26,10,augsburg,29,9,6,14,36,53,-17,33,NONE,,2026-04-17
bundesliga,2025-26,11,union-berlin,29,8,8,13,33,50,-17,32,NONE,,2026-04-17
bundesliga,2025-26,12,hamburg,29,7,10,12,32,45,-13,31,NONE,,2026-04-17
bundesliga,2025-26,13,koln,29,7,9,13,43,50,-7,30,NONE,,2026-04-17
bundesliga,2025-26,14,borussia-monchengladbach,29,7,9,13,35,49,-14,30,NONE,,2026-04-17
bundesliga,2025-26,15,werder-bremen,29,7,7,15,32,52,-20,28,NONE,,2026-04-17
bundesliga,2025-26,16,st-pauli,29,6,7,16,25,50,-25,25,NONE,,2026-04-17
bundesliga,2025-26,17,wolfsburg,29,5,6,18,39,65,-26,21,NONE,,2026-04-17
bundesliga,2025-26,18,heidenheim,29,4,7,18,32,64,-32,19,NONE,,2026-04-17
ligue-1,2025-26,1,paris-saint-germain,27,20,3,4,61,23,38,63,NONE,,2026-04-17
ligue-1,2025-26,2,rc-lens,28,19,2,7,54,27,27,59,NONE,,2026-04-17
ligue-1,2025-26,3,lille,29,16,5,8,49,34,15,53,NONE,,2026-04-17
ligue-1,2025-26,4,marseille,29,16,4,9,58,38,20,52,NONE,,2026-04-17
ligue-1,2025-26,5,lyon,29,15,6,8,43,29,14,51,NONE,,2026-04-17
ligue-1,2025-26,6,rennes,29,14,8,7,49,41,8,50,NONE,,2026-04-17
ligue-1,2025-26,7,monaco,29,15,4,10,50,43,7,49,NONE,,2026-04-17
ligue-1,2025-26,8,strasbourg,28,12,7,9,46,34,12,43,NONE,,2026-04-17
ligue-1,2025-26,9,lorient,29,9,11,9,38,44,-6,38,NONE,,2026-04-17
ligue-1,2025-26,10,toulouse,29,10,7,12,39,39,0,37,NONE,,2026-04-17
ligue-1,2025-26,11,brest,28,10,6,12,37,43,-6,36,NONE,,2026-04-17
ligue-1,2025-26,12,paris-fc,29,8,11,10,37,45,-8,35,NONE,,2026-04-17
ligue-1,2025-26,13,angers,29,9,6,14,25,39,-14,33,NONE,,2026-04-17
ligue-1,2025-26,14,le-havre,29,6,11,12,24,37,-13,29,NONE,,2026-04-17
ligue-1,2025-26,15,nice,29,7,7,15,34,56,-22,28,NONE,,2026-04-17
ligue-1,2025-26,16,auxerre,29,5,9,15,23,37,-14,24,NONE,,2026-04-17
ligue-1,2025-26,17,nantes,28,4,7,17,24,45,-21,19,NONE,,2026-04-17
ligue-1,2025-26,18,metz,29,3,6,20,26,63,-37,15,NONE,,2026-04-17
